0.785388128,0.79,Mean:,0.63
0.7894736842105263,0.79,Stdev:,0.30
0.9285714285714286,0.93,,
0.8518518518518519,0.85,,
0.78,0.78,,
0.9333333333333333,0.93,,
0.50,0.50,,
0.88,0.88,,
0.88,0.88,,
0.9032258064516129,0.90,,
0.88,0.88,,
0.7272727272727273,0.73,,
0.7727272727272727,0.77,,
0.8529411764705882,0.85,,
0.9333333333333333,0.93,,
0.7547169811320755,0.75,,
0.65,0.65,,
0.7530487804878049,0.75,,
0.5909090909090908,0.59,,
0.25,0.25,,
0.44999999999999996,0.45,,
0.8064516129032258,0.81,,
0.6571428571428571,0.66,,
0.4666666666666667,0.47,,
0.4666666666666667,0.47,,
0.3666666666666667,0.37,,
0.3666666666666667,0.37,,
0.9285714285714286,0.93,,
0.8148148148148149,0.81,,
0.6799999999999999,0.68,,
0.2666666666666667,0.27,,
0.96,0.96,,
0.5909090909090908,0.59,,
0.7272727272727273,0.73,,
0.8666666666666667,0.87,,
0.8947368421052632,0.89,,
0.8260869565217391,0.83,,
0.9333333333333333,0.93,,
0.4666666666666667,0.47,,
0.76,0.76,,
0.55,0.55,,
0.9032258064516129,0.90,,
0.80,0.80,,
0.60,0.60,,
0.60,0.60,,
0.80,0.80,,
0.7358490566037736,0.74,,
0.00,0.00,,
0.7407407407407407,0.74,,
0.80,0.80,,
0.84,0.84,,
0.7727272727272727,0.77,,
0.7272727272727273,0.73,,
0.7647058823529411,0.76,,
0.00,0.00,,
0.00,0.00,,
0.9565217391304348,0.96,,
0.80,0.80,,
0.84,0.84,,
0.60,0.60,,
0.88,0.88,,
0.6630434782608696,0.66,,
0.9047619047619048,0.90,,
0.6621621621621622,0.66,,
0.9285714285714286,0.93,,
0.35,0.35,,
0.40,0.40,,
0.50,0.50,,
0.5454545454545454,0.55,,
0.40,0.40,,
0.8947368421052632,0.89,,
0.9285714285714286,0.93,,
0.8148148148148149,0.81,,
0.9333333333333333,0.93,,
0.65,0.65,,
0.84,0.84,,
0.88,0.88,,
0.9032258064516129,0.90,,
0.88,0.88,,
0.8181818181818181,0.82,,
0.8181818181818181,0.82,,
0.9333333333333333,0.93,,
0.35,0.35,,
0.8387096774193549,0.84,,
0.33333333333333337,0.33,,
0.3666666666666667,0.37,,
0.33333333333333337,0.33,,
0.7031963470319635,0.70,,
0.33333333333333337,0.33,,
0.6782608695652175,0.68,,
0.00,0.00,,
0.7037037037037037,0.70,,
0.7663551401869159,0.77,,
0.33333333333333337,0.33,,
0.80,0.80,,
0.6363636363636364,0.64,,
0.5909090909090908,0.59,,
0.7058823529411764,0.71,,
0.00,0.00,,
0.9473684210526316,0.95,,
0.7391304347826086,0.74,,
0.6666666666666667,0.67,,
0.69,0.69,,
0.33333333333333337,0.33,,
0.76,0.76,,
0.6304347826086957,0.63,,
0.5135135135135135,0.51,,
0.19999999999999996,0.20,,
0.7917888563049853,0.79,,
0.7096774193548387,0.71,,
0.7285714285714286,0.73,,
0.30000000000000004,0.30,,
0.8815359477124183,0.88,,
0.30000000000000004,0.30,,
0.4666666666666667,0.47,,
0.75,0.75,,
0.4666666666666667,0.47,,
0.5092592592592593,0.51,,
0.7214611872146119,0.72,,
0.6415094339622642,0.64,,
0.8480463096960926,0.85,,
0.8571428571428572,0.86,,
0.7407407407407407,0.74,,
0.7775175644028103,0.78,,
0.56,0.56,,
0.43333333333333335,0.43,,
0.7213114754098361,0.72,,
0.84,0.84,,
0.50,0.50,,
0.6363636363636364,0.64,,
0.6369047619047619,0.64,,
0.7352941176470589,0.74,,
0.60,0.60,,
0.7894736842105263,0.79,,
0.7391304347826086,0.74,,
0.80,0.80,,
0.7015706806282722,0.70,,
0.7565217391304347,0.76,,
0.69,0.69,,
0.30000000000000004,0.30,,
0.6535947712418301,0.65,,
0.6799999999999999,0.68,,
0.6428571428571428,0.64,,
0.6285714285714286,0.63,,
0.6213592233009708,0.62,,
0.00,0.00,,
0.00,0.00,,
0.30000000000000004,0.30,,
0.8148148148148149,0.81,,
0.8260869565217391,0.83,,
0.30000000000000004,0.30,,
0.33333333333333337,0.33,,
0.30000000000000004,0.30,,
0.76,0.76,,
0.40,0.40,,
0.88,0.88,,
0.43333333333333335,0.43,,
0.96,0.96,,
0.6818181818181819,0.68,,
0.5454545454545454,0.55,,
0.40,0.40,,
0.00,0.00,,
0.30000000000000004,0.30,,
0.25,0.25,,
0.8905228758169934,0.89,,
0.19999999999999996,0.20,,
0.30000000000000004,0.30,,
0.40,0.40,,
0.43333333333333335,0.43,,
0.40,0.40,,
0.5092592592592593,0.51,,
0.15000000000000002,0.15,,
0.7320954907161803,0.73,,
0.5029940119760479,0.50,,
0.7275590551181103,0.73,,
0.69,0.69,,
0.80,0.80,,
0.6883852691218131,0.69,,
0.7302452316076294,0.73,,
0.47904191616766467,0.48,,
0.6707317073170731,0.67,,
0.8720152817574021,0.87,,
0.6570680628272252,0.66,,
0.5936073059360731,0.59,,
0.5470588235294118,0.55,,
0.10,0.10,,
0.7021943573667712,0.70,,
0.6896551724137931,0.69,,
0.8651960784313726,0.87,,
0.5714285714285714,0.57,,
0.8732125834127741,0.87,,
0.5060240963855422,0.51,,
0.23333333333333328,0.23,,
0.8149100257069408,0.81,,
0.40,0.40,,
0.5058823529411764,0.51,,
0.6434426229508197,0.64,,
0.7510373443983402,0.75,,
0.23333333333333328,0.23,,
0.7699805068226121,0.77,,
0.7115987460815048,0.71,,
0.7283372365339578,0.73,,
0.80,0.80,,
0.19999999999999996,0.20,,
0.7282051282051283,0.73,,
0.8497409326424871,0.85,,
0.30434782608695654,0.30,,
0.33333333333333337,0.33,,
0.6492146596858639,0.65,,
0.10,0.10,,
0.8224163027656477,0.82,,
0.80,0.80,,
0.8315539739027283,0.83,,
0.6825396825396826,0.68,,
0.6851851851851851,0.69,,
0.5570469798657718,0.56,,
0.7635270541082164,0.76,,
0.8947368421052632,0.89,,
0.9285714285714286,0.93,,
0.8148148148148149,0.81,,
0.9333333333333333,0.93,,
0.60,0.60,,
0.80,0.80,,
0.88,0.88,,
0.9032258064516129,0.90,,
0.88,0.88,,
0.7727272727272727,0.77,,
0.7727272727272727,0.77,,
0.9333333333333333,0.93,,
0.74,0.74,,
0.9285714285714286,0.93,,
0.7037037037037037,0.70,,
0.6521739130434783,0.65,,
0.80,0.80,,
0.30000000000000004,0.30,,
0.72,0.72,,
0.72,0.72,,
0.6799999999999999,0.68,,
0.7741935483870968,0.77,,
0.84,0.84,,
0.5454545454545454,0.55,,
0.5909090909090908,0.59,,
0.7647058823529411,0.76,,
0.6666666666666667,0.67,,
0.85,0.85,,
0.7637795275590551,0.76,,
0.44999999999999996,0.45,,
0.8346774193548387,0.83,,
0.9032258064516129,0.90,,
0.7520661157024793,0.75,,
0.7428571428571429,0.74,,
0.8423236514522822,0.84,,
0.5333333333333333,0.53,,
0.4666666666666667,0.47,,
0.5333333333333333,0.53,,
0.6979166666666667,0.70,,
0.7819905213270142,0.78,,
0.8243243243243243,0.82,,
0.00,0.00,,
0.5333333333333333,0.53,,
0.8444444444444444,0.84,,
0.6956521739130435,0.70,,
0.6226415094339622,0.62,,
0.00,0.00,,
0.7407407407407407,0.74,,
0.7843137254901961,0.78,,
0.7761904761904762,0.78,,
0.80,0.80,,
0.7652173913043478,0.77,,
0.8235294117647058,0.82,,
0.5666666666666667,0.57,,
0.7213114754098361,0.72,,
0.7014925373134329,0.70,,
0.84,0.84,,
0.7727272727272727,0.77,,
0.6818181818181819,0.68,,
0.9117647058823529,0.91,,
0.8666666666666667,0.87,,
0.85,0.85,,
0.8947368421052632,0.89,,
0.73,0.73,,
0.8260869565217391,0.83,,
0.8666666666666667,0.87,,
0.66,0.66,,
0.88,0.88,,
0.5333333333333333,0.53,,
0.80,0.80,,
0.6956521739130435,0.70,,
0.8571428571428572,0.86,,
0.8071748878923767,0.81,,
0.7333333333333334,0.73,,
0.5675675675675675,0.57,,
0.7622950819672132,0.76,,
0.15000000000000002,0.15,,
0.69,0.69,,
0.8049999999999999,0.80,,
0.7356948228882834,0.74,,
0.6829268292682926,0.68,,
0.87,0.87,,
0.6870026525198939,0.69,,
0.8760724499523356,0.88,,
0.19999999999999996,0.20,,
0.8264781491002571,0.83,,
0.40,0.40,,
0.6557377049180328,0.66,,
0.7614107883817427,0.76,,
0.19999999999999996,0.20,,
0.7699805068226121,0.77,,
0.7178683385579938,0.72,,
0.7330210772833723,0.73,,
0.8049999999999999,0.80,,
0.7282051282051283,0.73,,
0.26086956521739135,0.26,,
0.33333333333333337,0.33,,
0.8311499272197962,0.83,,
0.8049999999999999,0.80,,
0.83,0.83,,
0.6793650793650794,0.68,,
0.56,0.56,,
0.78,0.78,,
0.8947368421052632,0.89,,
0.9285714285714286,0.93,,
0.43333333333333335,0.43,,
0.7037037037037037,0.70,,
0.25,0.25,,
0.33333333333333337,0.33,,
0.43333333333333335,0.43,,
0.64,0.64,,
0.4666666666666667,0.47,,
0.76,0.76,,
0.4666666666666667,0.47,,
0.88,0.88,,
0.6818181818181819,0.68,,
0.6818181818181819,0.68,,
0.4666666666666667,0.47,,
0.9333333333333333,0.93,,
0.15000000000000002,0.15,,
0.7294429708222812,0.73,,
0.5089820359281437,0.51,,
0.7322834645669292,0.73,,
0.7016129032258065,0.70,,
0.80,0.80,,
0.6940509915014164,0.69,,
0.7384196185286104,0.74,,
0.6835016835016835,0.68,,
0.47904191616766467,0.48,,
0.6768292682926829,0.68,,
0.8729703915950334,0.87,,
0.6570680628272252,0.66,,
0.6027397260273972,0.60,,
0.5411764705882354,0.54,,
0.10,0.10,,
0.7021943573667712,0.70,,
0.6949602122015914,0.69,,
0.8619281045751634,0.86,,
0.5714285714285714,0.57,,
0.8741658722592945,0.87,,
0.50,0.50,,
0.23333333333333328,0.23,,
0.8161953727506427,0.82,,
0.40,0.40,,
0.5058823529411764,0.51,,
0.6516393442622951,0.65,,
0.7551867219917012,0.76,,
0.23333333333333328,0.23,,
0.7699805068226121,0.77,,
0.7084639498432601,0.71,,
0.7377049180327868,0.74,,
0.80,0.80,,
0.19999999999999996,0.20,,
0.7627450980392156,0.76,,
0.8497409326424871,0.85,,
0.7256410256410256,0.73,,
0.30434782608695654,0.30,,
0.33333333333333337,0.33,,
0.6439790575916231,0.64,,
0.10,0.10,,
0.8296943231441047,0.83,,
0.80,0.80,,
0.83,0.83,,
0.6825396825396826,0.68,,
0.6975308641975309,0.70,,
0.56,0.56,,
0.7675350701402806,0.77,,
0.00,0.00,,
0.00,0.00,,
0.8518518518518519,0.85,,
0.00,0.00,,
0.6666666666666667,0.67,,
0.70,0.70,,
0.75,0.75,,
0.88,0.88,,
0.92,0.92,,
0.9032258064516129,0.90,,
0.75,0.75,,
0.88,0.88,,
0.7727272727272727,0.77,,
0.8181818181818181,0.82,,
0.7941176470588236,0.79,,
0.00,0.00,,
0.30000000000000004,0.30,,
0.8387096774193549,0.84,,
0.40,0.40,,
0.43333333333333335,0.43,,
0.4666666666666667,0.47,,
0.4666666666666667,0.47,,
0.9285714285714286,0.93,,
0.7407407407407407,0.74,,
0.80,0.80,,
0.3666666666666667,0.37,,
0.96,0.96,,
0.50,0.50,,
0.5909090909090908,0.59,,
0.8235294117647058,0.82,,
0.9333333333333333,0.93,,
0.9473684210526316,0.95,,
0.6956521739130435,0.70,,
0.8666666666666667,0.87,,
0.40,0.40,,
0.72,0.72,,
0.15000000000000002,0.15,,
0.7320954907161803,0.73,,
0.49101796407185627,0.49,,
0.7259842519685039,0.73,,
0.69,0.69,,
0.80,0.80,,
0.6855524079320113,0.69,,
0.7302452316076294,0.73,,
0.46706586826347307,0.47,,
0.6646341463414633,0.66,,
0.8701050620821394,0.87,,
0.6544502617801047,0.65,,
0.5844748858447488,0.58,,
0.5411764705882354,0.54,,
0.10,0.10,,
0.7021943573667712,0.70,,
0.6870026525198939,0.69,,
0.86,0.86,,
0.5604395604395604,0.56,,
0.87,0.87,,
0.4819277108433735,0.48,,
0.23333333333333328,0.23,,
0.8149100257069408,0.81,,
0.40,0.40,,
0.4882352941176471,0.49,,
0.64,0.64,,
0.7468879668049793,0.75,,
0.23333333333333328,0.23,,
0.7680311890838207,0.77,,
0.7115987460815048,0.71,,
0.7259953161592505,0.73,,
0.80,0.80,,
0.19999999999999996,0.20,,
0.7549019607843137,0.75,,
0.8471502590673575,0.85,,
0.7282051282051283,0.73,,
0.30434782608695654,0.30,,
0.33333333333333337,0.33,,
0.6387434554973822,0.64,,
0.10,0.10,,
0.8195050946142649,0.82,,
0.80,0.80,,
0.8327402135231317,0.83,,
0.6761904761904762,0.68,,
0.6790123456790124,0.68,,
0.5570469798657718,0.56,,
0.7635270541082164,0.76,,
0.8947368421052632,0.89,,
0.00,0.00,,
0.19999999999999996,0.20,,
0.5909090909090908,0.59,,
0.7272727272727273,0.73,,
0.25,0.25,,
0.6972477064220184,0.70,,
0.7862903225806451,0.79,,
0.7191780821917808,0.72,,
0.6451612903225806,0.65,,
0.77,0.77,,
0.63,0.63,,
0.6717948717948719,0.67,,
0.70,0.70,,
0.7037037037037037,0.70,,
0.5555555555555556,0.56,,
0.7711598746081505,0.77,,
0.7857142857142857,0.79,,
0.7401129943502824,0.74,,
0.7407407407407407,0.74,,
0.7058823529411764,0.71,,
0.7915309446254072,0.79,,
0.72,0.72,,
0.88,0.88,,
0.7272727272727273,0.73,,
0.8636363636363636,0.86,,
0.8795336787564767,0.88,,
0.7479338842975207,0.75,,
0.5588235294117647,0.56,,
0.6666666666666667,0.67,,
0.7829457364341086,0.78,,
0.74,0.74,,
0.6260162601626016,0.63,,
0.6956521739130435,0.70,,
0.6666666666666667,0.67,,
0.34,0.34,,
0.7489361702127659,0.75,,
0.6339869281045751,0.63,,
0.80,0.80,,
0.8095238095238095,0.81,,
0.7713178294573644,0.77,,
0.00,0.00,,
0.00,0.00,,
0.30000000000000004,0.30,,
0.65,0.65,,
0.97,0.97,,
0.9142857142857143,0.91,,
0.6333333333333333,0.63,,
0.6333333333333333,0.63,,
0.6333333333333333,0.63,,
0.95,0.95,,
0.6333333333333333,0.63,,
0.00,0.00,,
0.8518518518518519,0.85,,
0.80,0.80,,
0.60,0.60,,
0.96,0.96,,
0.7272727272727273,0.73,,
0.7727272727272727,0.77,,
0.00,0.00,,
0.00,0.00,,
0.9565217391304348,0.96,,
0.00,0.00,,
0.6333333333333333,0.63,,
0.84,0.84,,
0.9047619047619048,0.90,,
0.40,0.40,,
0.40,0.40,,
0.40,0.40,,
0.40,0.40,,
0.33333333333333337,0.33,,
0.23333333333333328,0.23,,
0.33333333333333337,0.33,,
0.30000000000000004,0.30,,
0.30000000000000004,0.30,,
0.5833333333333333,0.58,,
0.9068627450980392,0.91,,
0.2666666666666667,0.27,,
0.30000000000000004,0.30,,
0.40,0.40,,
0.4666666666666667,0.47,,
0.40,0.40,,
0.5185185185185186,0.52,,
0.63,0.63,,
0.7857142857142857,0.79,,
0.3913043478260869,0.39,,
0.5333333333333333,0.53,,
0.7460815047021944,0.75,,
0.30000000000000004,0.30,,
0.56,0.56,,
0.76,0.76,,
0.7239057239057238,0.72,,
0.60,0.60,,
0.7195121951219512,0.72,,
0.5909090909090908,0.59,,
0.7717948717948718,0.77,,
0.6857142857142857,0.69,,
0.30000000000000004,0.30,,
0.9473684210526316,0.95,,
0.9285714285714286,0.93,,
0.8518518518518519,0.85,,
0.8260869565217391,0.83,,
0.9333333333333333,0.93,,
0.44999999999999996,0.45,,
0.76,0.76,,
0.84,0.84,,
0.97,0.97,,
0.96,0.96,,
0.6818181818181819,0.68,,
0.7272727272727273,0.73,,
0.00,0.00,,
0.30000000000000004,0.30,,
0.30000000000000004,0.30,,
0.19999999999999996,0.20,,
0.33333333333333337,0.33,,
0.40,0.40,,
0.8709677419354839,0.87,,
0.7142857142857143,0.71,,
0.3666666666666667,0.37,,
0.3666666666666667,0.37,,
0.40,0.40,,
0.90,0.90,,
0.40,0.40,,
0.9285714285714286,0.93,,
0.8148148148148149,0.81,,
0.64,0.64,,
0.43333333333333335,0.43,,
0.84,0.84,,
0.5909090909090908,0.59,,
0.7272727272727273,0.73,,
0.9333333333333333,0.93,,
0.8947368421052632,0.89,,
0.9130434782608696,0.91,,
0.00,0.00,,
0.3666666666666667,0.37,,
0.76,0.76,,
0.9285714285714286,0.93,,
0.8148148148148149,0.81,,
0.44999999999999996,0.45,,
0.88,0.88,,
0.7272727272727273,0.73,,
0.7727272727272727,0.77,,
0.30000000000000004,0.30,,
0.30000000000000004,0.30,,
0.5833333333333333,0.58,,
0.9060457516339869,0.91,,
0.2666666666666667,0.27,,
0.30000000000000004,0.30,,
0.40,0.40,,
0.4666666666666667,0.47,,
0.40,0.40,,
0.5185185185185186,0.52,,
0.8947368421052632,0.89,,
0.9285714285714286,0.93,,
0.8148148148148149,0.81,,
0.9333333333333333,0.93,,
0.65,0.65,,
0.80,0.80,,
0.88,0.88,,
0.9032258064516129,0.90,,
0.88,0.88,,
0.7727272727272727,0.77,,
0.7727272727272727,0.77,,
0.9333333333333333,0.93,,
0.15000000000000002,0.15,,
0.73,0.73,,
0.49101796407185627,0.49,,
0.7244094488188977,0.72,,
0.69,0.69,,
0.80,0.80,,
0.6798866855524079,0.68,,
0.7302452316076294,0.73,,
0.46706586826347307,0.47,,
0.6676829268292683,0.67,,
0.8691499522445081,0.87,,
0.6518324607329843,0.65,,
0.59,0.59,,
0.5411764705882354,0.54,,
0.10,0.10,,
0.7021943573667712,0.70,,
0.6843501326259946,0.68,,
0.8627450980392157,0.86,,
0.5659340659340659,0.57,,
0.8703527168732126,0.87,,
0.4879518072289156,0.49,,
0.23333333333333328,0.23,,
0.8136246786632391,0.81,,
0.40,0.40,,
0.49411764705882355,0.49,,
0.64,0.64,,
0.7448132780082988,0.74,,
0.23333333333333328,0.23,,
0.7680311890838207,0.77,,
0.7147335423197492,0.71,,
0.7236533957845434,0.72,,
0.80,0.80,,
0.19999999999999996,0.20,,
0.7549019607843137,0.75,,
0.8471502590673575,0.85,,
0.7230769230769231,0.72,,
0.30434782608695654,0.30,,
0.33333333333333337,0.33,,
0.10,0.10,,
0.8195050946142649,0.82,,
0.80,0.80,,
0.8315539739027283,0.83,,
0.6761904761904762,0.68,,
0.6759259259259259,0.68,,
0.56,0.56,,
0.7615230460921844,0.76,,
0.00,0.00,,
0.00,0.00,,
0.8888888888888888,0.89,,
0.9333333333333333,0.93,,
0.75,0.75,,
0.88,0.88,,
0.8181818181818181,0.82,,
0.8636363636363636,0.86,,
0.00,0.00,,
0.6226415094339622,0.62,,
0.35,0.35,,
0.8947368421052632,0.89,,
0.9285714285714286,0.93,,
0.8148148148148149,0.81,,
0.9333333333333333,0.93,,
0.55,0.55,,
0.84,0.84,,
0.88,0.88,,
0.9032258064516129,0.90,,
0.88,0.88,,
0.8181818181818181,0.82,,
0.7727272727272727,0.77,,
0.9333333333333333,0.93,,
0.30000000000000004,0.30,,
0.00,0.00,,
0.00,0.00,,
0.8888888888888888,0.89,,
0.00,0.00,,
0.75,0.75,,
0.88,0.88,,
0.00,0.00,,
0.88,0.88,,
0.8181818181818181,0.82,,
0.8636363636363636,0.86,,
0.00,0.00,,
0.6415094339622642,0.64,,
0.7330316742081449,0.73,,
0.48051948051948057,0.48,,
0.83,0.83,,
0.4571428571428572,0.46,,
0.6268656716417911,0.63,,
0.7364341085271318,0.74,,
0.6604938271604939,0.66,,
0.6447368421052632,0.64,,
0.48888888888888893,0.49,,
0.7297297297297297,0.73,,
0.6981132075471699,0.70,,
0.7031963470319635,0.70,,
0.8128654970760234,0.81,,
0.5913043478260869,0.59,,
0.5679012345679013,0.57,,
0.5737704918032787,0.57,,
0.5616438356164384,0.56,,
0.5188679245283019,0.52,,
0.6419753086419753,0.64,,
0.6382978723404256,0.64,,
0.74,0.74,,
0.6097560975609756,0.61,,
0.7507246376811594,0.75,,
0.44,0.44,,
0.7058823529411764,0.71,,
0.6859504132231404,0.69,,
0.6833333333333333,0.68,,
0.5833333333333333,0.58,,
0.5384615384615384,0.54,,
0.6418918918918919,0.64,,
0.7288732394366197,0.73,,
0.67,0.67,,
0.6699029126213591,0.67,,
0.7545454545454545,0.75,,
0.7056451612903225,0.71,,
0.7070707070707071,0.71,,
0.7665615141955836,0.77,,
0.6611570247933884,0.66,,
0.48051948051948057,0.48,,
0.6883720930232557,0.69,,
0.7714285714285715,0.77,,
0.5862068965517242,0.59,,
0.7586206896551724,0.76,,
0.55,0.55,,
0.48888888888888893,0.49,,
0.7142857142857143,0.71,,
0.6216216216216216,0.62,,
0.6138613861386139,0.61,,
0.5974025974025974,0.60,,
0.7058823529411764,0.71,,
0.6859504132231404,0.69,,
0.83,0.83,,
0.5301204819277108,0.53,,
0.6928104575163399,0.69,,
0.5822784810126582,0.58,,
0.7446043165467626,0.74,,
0.6818181818181819,0.68,,
0.6024096385542168,0.60,,
0.7333333333333334,0.73,,
0.4666666666666667,0.47,,
0.5274725274725275,0.53,,
0.85,0.85,,
0.84,0.84,,
0.6705882352941177,0.67,,
0.6639344262295082,0.66,,
0.44285714285714284,0.44,,
0.6451612903225806,0.65,,
0.30000000000000004,0.30,,
0.75,0.75,,
0.6451612903225806,0.65,,
0.6214285714285714,0.62,,
0.6912751677852349,0.69,,
0.7621951219512195,0.76,,
0.64,0.64,,
0.5454545454545454,0.55,,
0.7711598746081505,0.77,,
0.6666666666666667,0.67,,
0.5686274509803921,0.57,,
0.61,0.61,,
0.6859504132231404,0.69,,
0.7272727272727273,0.73,,
0.5882352941176471,0.59,,
0.75,0.75,,
0.63,0.63,,
0.6086956521739131,0.61,,
0.6777777777777778,0.68,,
0.5365853658536586,0.54,,
0.5217391304347826,0.52,,
0.48,0.48,,
0.7623318385650224,0.76,,
0.7380952380952381,0.74,,
0.7558139534883721,0.76,,
0.6447368421052632,0.64,,
0.8156312625250501,0.82,,
0.7058823529411764,0.71,,
0.7268907563025211,0.73,,
0.6308724832214765,0.63,,
0.6447368421052632,0.64,,
0.6666666666666667,0.67,,
0.6986301369863014,0.70,,
0.5822784810126582,0.58,,
0.7302904564315353,0.73,,
0.65,0.65,,
0.8457583547557841,0.85,,
0.5729166666666667,0.57,,
0.6226415094339622,0.62,,
0.6859504132231404,0.69,,
0.7037037037037037,0.70,,
0.74,0.74,,
0.6263736263736264,0.63,,
0.64,0.64,,
0.5970149253731343,0.60,,
0.88,0.88,,
0.8756476683937824,0.88,,
0.7066115702479339,0.71,,
0.6964285714285714,0.70,,
0.68,0.68,,
0.6851063829787234,0.69,,
0.83,0.83,,
0.6862745098039216,0.69,,
0.7007874015748031,0.70,,
0.4285714285714286,0.43,,
0.5416666666666667,0.54,,
0.15000000000000002,0.15,,
0.7056451612903225,0.71,,
0.8049999999999999,0.80,,
0.7411444141689374,0.74,,
0.6859756097560976,0.69,,
0.8796561604584527,0.88,,
0.6949602122015914,0.69,,
0.88,0.88,,
0.19999999999999996,0.20,,
0.8290488431876607,0.83,,
0.40,0.40,,
0.6557377049180328,0.66,,
0.7655601659751037,0.77,,
0.19999999999999996,0.20,,
0.7738791423001949,0.77,,
0.7210031347962382,0.72,,
0.7377049180327868,0.74,,
0.8049999999999999,0.80,,
0.74,0.74,,
0.26086956521739135,0.26,,
0.33333333333333337,0.33,,
0.8340611353711791,0.83,,
0.8049999999999999,0.80,,
0.8362989323843416,0.84,,
0.6888888888888889,0.69,,
0.5771812080536913,0.58,,
0.7875751503006012,0.79,,
0.75,0.75,,
0.75,0.75,,
0.6692913385826771,0.67,,
0.6302521008403361,0.63,,
0.6148648648648649,0.61,,
0.19999999999999996,0.20,,
0.7480106100795756,0.75,,
0.6575342465753424,0.66,,
0.6973684210526316,0.70,,
0.7379032258064516,0.74,,
0.6779661016949152,0.68,,
0.6232876712328768,0.62,,
0.61,0.61,,
0.9032258064516129,0.90,,
0.7697160883280757,0.77,,
0.7134146341463414,0.71,,
0.6611570247933884,0.66,,
0.5895522388059702,0.59,,
0.7629427792915531,0.76,,
0.63,0.63,,
0.7385892116182573,0.74,,
0.7364341085271318,0.74,,
0.6798245614035088,0.68,,
0.6303317535545023,0.63,,
0.6943231441048034,0.69,,
0.64,0.64,,
0.7245283018867925,0.72,,
0.7031963470319635,0.70,,
0.60,0.60,,
0.7992202729044835,0.80,,
0.7523510971786834,0.75,,
0.8571428571428572,0.86,,
0.6045197740112994,0.60,,
0.7777777777777778,0.78,,
0.6446280991735538,0.64,,
0.6862745098039216,0.69,,
0.64,0.64,,
0.7540983606557377,0.75,,
0.7328990228013029,0.73,,
0.6302521008403361,0.63,,
0.60,0.60,,
0.6446280991735538,0.64,,
0.6615969581749049,0.66,,
0.6446280991735538,0.64,,
0.5573770491803278,0.56,,
0.64,0.64,,
0.50,0.50,,
0.6363636363636364,0.64,,
0.8588082901554404,0.86,,
0.8235294117647058,0.82,,
0.80,0.80,,
0.7558139534883721,0.76,,
0.7321428571428572,0.73,,
0.8421052631578947,0.84,,
0.5217391304347826,0.52,,
0.7333333333333334,0.73,,
0.6282722513089005,0.63,,
0.7030567685589519,0.70,,
0.78,0.78,,
0.6302521008403361,0.63,,
0.6446280991735538,0.64,,
0.85,0.85,,
0.6978723404255319,0.70,,
0.5947712418300654,0.59,,
0.6799999999999999,0.68,,
0.7619047619047619,0.76,,
0.7488789237668161,0.75,,
0.7269841269841271,0.73,,
0.7264150943396226,0.73,,
0.5771812080536913,0.58,,
0.6475409836065573,0.65,,
0.5922330097087378,0.59,,
0.30000000000000004,0.30,,
0.30000000000000004,0.30,,
0.25,0.25,,
0.33333333333333337,0.33,,
0.6900584795321638,0.69,,
0.55,0.55,,
0.9032258064516129,0.90,,
0.7868217054263567,0.79,,
0.9285714285714286,0.93,,
0.7777777777777778,0.78,,
0.76,0.76,,
0.00,0.00,,
0.7272727272727273,0.73,,
0.6818181818181819,0.68,,
0.9411764705882353,0.94,,
0.6607142857142857,0.66,,
0.00,0.00,,
0.00,0.00,,
0.78,0.78,,
0.00,0.00,,
0.88,0.88,,
0.80,0.80,,
0.78,0.78,,
0.6842105263157895,0.68,,
0.8571428571428572,0.86,,
0.30000000000000004,0.30,,
0.7037037037037037,0.70,,
0.30000000000000004,0.30,,
0.33333333333333337,0.33,,
0.30000000000000004,0.30,,
0.60,0.60,,
0.30000000000000004,0.30,,
0.60,0.60,,
0.30000000000000004,0.30,,
0.80,0.80,,
0.50,0.50,,
0.5454545454545454,0.55,,
0.30000000000000004,0.30,,
0.80,0.80,,
0.5428571428571429,0.54,,
0.6226415094339622,0.62,,
0.15000000000000002,0.15,,
0.00,0.00,,
0.00,0.00,,
0.6666666666666667,0.67,,
0.7407407407407407,0.74,,
0.00,0.00,,
0.55,0.55,,
0.5666666666666667,0.57,,
0.6666666666666667,0.67,,
0.9333333333333333,0.93,,
0.84,0.84,,
0.70,0.70,,
0.88,0.88,,
0.95,0.95,,
0.84,0.84,,
0.7727272727272727,0.77,,
0.7272727272727273,0.73,,
0.70,0.70,,
0.00,0.00,,
0.15000000000000002,0.15,,
0.69,0.69,,
0.80,0.80,,
0.7356948228882834,0.74,,
0.6829268292682926,0.68,,
0.8739255014326648,0.87,,
0.6896551724137931,0.69,,
0.8751191611058151,0.88,,
0.19999999999999996,0.20,,
0.8251928020565553,0.83,,
0.40,0.40,,
0.6557377049180328,0.66,,
0.7593360995850622,0.76,,
0.19999999999999996,0.20,,
0.73,0.73,,
0.80,0.80,,
0.7230769230769231,0.72,,
0.26086956521739135,0.26,,
0.33333333333333337,0.33,,
0.8311499272197962,0.83,,
0.80,0.80,,
0.83,0.83,,
0.6761904761904762,0.68,,
0.56,0.56,,
0.7835671342685371,0.78,,
0.44999999999999996,0.45,,
0.94,0.94,,
0.7714285714285715,0.77,,
0.4666666666666667,0.47,,
0.50,0.50,,
0.43333333333333335,0.43,,
0.90,0.90,,
0.43333333333333335,0.43,,
0.00,0.00,,
0.8148148148148149,0.81,,
0.72,0.72,,
0.30000000000000004,0.30,,
0.96,0.96,,
0.5909090909090908,0.59,,
0.6818181818181819,0.68,,
0.9333333333333333,0.93,,
0.8947368421052632,0.89,,
0.8695652173913043,0.87,,
0.9333333333333333,0.93,,
0.4666666666666667,0.47,,
0.72,0.72,,
0.8809523809523809,0.88,,
0.8421052631578947,0.84,,
0.00,0.00,,
0.7407407407407407,0.74,,
0.8260869565217391,0.83,,
0.8666666666666667,0.87,,
0.55,0.55,,
0.88,0.88,,
0.80,0.80,,
0.80,0.80,,
0.8387096774193549,0.84,,
0.84,0.84,,
0.7272727272727273,0.73,,
0.6818181818181819,0.68,,
0.8529411764705882,0.85,,
0.7478260869565218,0.75,,
0.8666666666666667,0.87,,
0.7169811320754718,0.72,,
0.7323943661971831,0.73,,
0.15000000000000002,0.15,,
0.7347480106100795,0.73,,
0.5209580838323353,0.52,,
0.74,0.74,,
0.6935483870967742,0.69,,
0.80,0.80,,
0.6912181303116147,0.69,,
0.7438692098092643,0.74,,
0.3870967741935484,0.39,,
0.4970059880239521,0.50,,
0.6859756097560976,0.69,,
0.6801346801346801,0.68,,
0.88,0.88,,
0.6570680628272252,0.66,,
0.6027397260273972,0.60,,
0.5142857142857142,0.51,,
0.5411764705882354,0.54,,
0.10,0.10,,
0.7084639498432601,0.71,,
0.6976127320954908,0.70,,
0.8676470588235294,0.87,,
0.5769230769230769,0.58,,
0.8779790276453765,0.88,,
0.5060240963855422,0.51,,
0.23333333333333328,0.23,,
0.8200514138817481,0.82,,
0.40,0.40,,
0.5176470588235293,0.52,,
0.6598360655737705,0.66,,
0.7614107883817427,0.76,,
0.23333333333333328,0.23,,
0.7699805068226121,0.77,,
0.7147335423197492,0.71,,
0.7447306791569086,0.74,,
0.80,0.80,,
0.19999999999999996,0.20,,
0.40909090909090906,0.41,,
0.7666666666666666,0.77,,
0.8510362694300518,0.85,,
0.7256410256410256,0.73,,
0.30434782608695654,0.30,,
0.33333333333333337,0.33,,
0.6335078534031413,0.63,,
0.10,0.10,,
0.8311499272197962,0.83,,
0.80,0.80,,
0.8351126927639383,0.84,,
0.6857142857142857,0.69,,
0.69,0.69,,
0.56,0.56,,
0.7655310621242485,0.77,,
0.60,0.60,,
0.9032258064516129,0.90,,
0.8285714285714285,0.83,,
0.60,0.60,,
0.60,0.60,,
0.80,0.80,,
0.7358490566037736,0.74,,
0.00,0.00,,
0.7407407407407407,0.74,,
0.80,0.80,,
0.84,0.84,,
0.7727272727272727,0.77,,
0.7272727272727273,0.73,,
0.7941176470588236,0.79,,
0.00,0.00,,
0.00,0.00,,
0.9565217391304348,0.96,,
0.80,0.80,,
0.84,0.84,,
0.60,0.60,,
0.88,0.88,,
0.6630434782608696,0.66,,
0.9047619047619048,0.90,,
0.6486486486486487,0.65,,
0.40,0.40,,
0.97,0.97,,
0.80,0.80,,
0.5666666666666667,0.57,,
0.43333333333333335,0.43,,
0.95,0.95,,
0.43333333333333335,0.43,,
0.00,0.00,,
0.8888888888888888,0.89,,
0.84,0.84,,
0.4666666666666667,0.47,,
0.00,0.00,,
0.7272727272727273,0.73,,
0.6818181818181819,0.68,,
0.00,0.00,,
0.00,0.00,,
0.78,0.78,,
0.9333333333333333,0.93,,
0.5666666666666667,0.57,,
0.84,0.84,,
0.60,0.60,,
0.9032258064516129,0.90,,
0.80,0.80,,
0.60,0.60,,
0.60,0.60,,
0.80,0.80,,
0.7358490566037736,0.74,,
0.00,0.00,,
0.7037037037037037,0.70,,
0.80,0.80,,
0.84,0.84,,
0.7727272727272727,0.77,,
0.7272727272727273,0.73,,
0.7647058823529411,0.76,,
0.00,0.00,,
0.00,0.00,,
0.9565217391304348,0.96,,
0.8666666666666667,0.87,,
0.84,0.84,,
0.60,0.60,,
0.88,0.88,,
0.6630434782608696,0.66,,
0.9047619047619048,0.90,,
0.6621621621621622,0.66,,
0.5217391304347826,0.52,,
0.30000000000000004,0.30,,
0.65,0.65,,
0.7713414634146342,0.77,,
0.6363636363636364,0.64,,
0.6857142857142857,0.69,,
0.30000000000000004,0.30,,
0.6352941176470588,0.64,,
0.5988023952095809,0.60,,
0.6428571428571428,0.64,,
0.68,0.68,,
0.8047244094488188,0.80,,
0.6265060240963856,0.63,,
0.43333333333333335,0.43,,
0.7847025495750708,0.78,,
0.74,0.74,,
0.6294117647058823,0.63,,
0.56,0.56,,
0.43333333333333335,0.43,,
0.7592592592592593,0.76,,
0.8476953907815631,0.85,,
0.6411764705882352,0.64,,
0.6107784431137724,0.61,,
0.6318681318681318,0.63,,
0.6757990867579908,0.68,,
0.80,0.80,,
0.6265060240963856,0.63,,
0.7875354107648725,0.79,,
0.7539267015706806,0.75,,
0.6411764705882352,0.64,,
0.5808383233532934,0.58,,
0.7530864197530864,0.75,,
0.8356713426853708,0.84,,
0.6352941176470588,0.64,,
0.5868263473053892,0.59,,
0.6373626373626373,0.64,,
0.6712328767123288,0.67,,
0.80,0.80,,
0.61,0.61,,
0.7847025495750708,0.78,,
0.7460732984293194,0.75,,
0.61,0.61,,
0.56,0.56,,
0.7561728395061729,0.76,,
0.8416833667334669,0.84,,
0.5705882352941176,0.57,,
0.5149700598802396,0.51,,
0.6318681318681318,0.63,,
0.63,0.63,,
0.7795275590551181,0.78,,
0.5843373493975903,0.58,,
0.7308781869688386,0.73,,
0.8470437017994858,0.85,,
0.7251308900523561,0.73,,
0.5149700598802396,0.51,,
0.5588235294117647,0.56,,
0.7037037037037037,0.70,,
0.7875751503006012,0.79,,
0.6352941176470588,0.64,,
0.5868263473053892,0.59,,
0.6373626373626373,0.64,,
0.6757990867579908,0.68,,
0.8015748031496063,0.80,,
0.61,0.61,,
0.7875354107648725,0.79,,
0.7486910994764397,0.75,,
0.61,0.61,,
0.56,0.56,,
0.7592592592592593,0.76,,
0.8436873747494991,0.84,,
0.6411764705882352,0.64,,
0.6107784431137724,0.61,,
0.6483516483516483,0.65,,
0.68,0.68,,
0.8047244094488188,0.80,,
0.6265060240963856,0.63,,
0.7818696883852692,0.78,,
0.74,0.74,,
0.6352941176470588,0.64,,
0.5808383233532934,0.58,,
0.7561728395061729,0.76,,
0.8476953907815631,0.85,,
0.6411764705882352,0.64,,
0.6107784431137724,0.61,,
0.6483516483516483,0.65,,
0.6894977168949772,0.69,,
0.8062992125984252,0.81,,
0.6204819277108433,0.62,,
0.43333333333333335,0.43,,
0.7875354107648725,0.79,,
0.7460732984293194,0.75,,
0.6294117647058823,0.63,,
0.5748502994011976,0.57,,
0.43333333333333335,0.43,,
0.7623456790123457,0.76,,
0.8476953907815631,0.85,,
0.5294117647058824,0.53,,
0.4610778443113772,0.46,,
0.5659340659340659,0.57,,
0.59,0.59,,
0.7763779527559055,0.78,,
0.5602409638554218,0.56,,
0.7138810198300283,0.71,,
0.8406169665809768,0.84,,
0.7172774869109948,0.72,,
0.47904191616766467,0.48,,
0.5235294117647059,0.52,,
0.7067901234567902,0.71,,
0.7875751503006012,0.79,,
0.5705882352941176,0.57,,
0.5149700598802396,0.51,,
0.6318681318681318,0.63,,
0.63,0.63,,
0.7795275590551181,0.78,,
0.5843373493975903,0.58,,
0.7280453257790368,0.73,,
0.8470437017994858,0.85,,
0.7225130890052356,0.72,,
0.5149700598802396,0.51,,
0.5588235294117647,0.56,,
0.7037037037037037,0.70,,
0.7855711422845691,0.79,,
0.6411764705882352,0.64,,
0.6107784431137724,0.61,,
0.6318681318681318,0.63,,
0.6712328767123288,0.67,,
0.8062992125984252,0.81,,
0.6265060240963856,0.63,,
0.7875354107648725,0.79,,
0.7539267015706806,0.75,,
0.6411764705882352,0.64,,
0.5808383233532934,0.58,,
0.7561728395061729,0.76,,
0.8396793587174349,0.84,,
0.5588235294117647,0.56,,
0.5209580838323353,0.52,,
0.6318681318681318,0.63,,
0.64,0.64,,
0.7826771653543307,0.78,,
0.5903614457831325,0.59,,
0.7308781869688386,0.73,,
0.8547557840616966,0.85,,
0.7251308900523561,0.73,,
0.5149700598802396,0.51,,
0.5647058823529412,0.56,,
0.7191358024691358,0.72,,
0.7915831663326653,0.79,,
0.6352941176470588,0.64,,
0.56,0.56,,
0.6758241758241759,0.68,,
0.68,0.68,,
0.8125984251968503,0.81,,
0.6024096385542168,0.60,,
0.77,0.77,,
0.7879581151832461,0.79,,
0.61,0.61,,
0.5748502994011976,0.57,,
0.7808641975308642,0.78,,
0.8416833667334669,0.84,,
0.5142857142857142,0.51,,
0.5974025974025974,0.60,,
0.7983870967741935,0.80,,
0.7741935483870968,0.77,,
0.6285714285714286,0.63,,
0.7851239669421488,0.79,,
0.7449664429530201,0.74,,
0.5974025974025974,0.60,,
0.6329113924050633,0.63,,
0.8857142857142857,0.89,,
0.7126436781609196,0.71,,
0.8049792531120332,0.80,,
0.69,0.69,,
0.8153153153153153,0.82,,
0.70,0.70,,
0.7849056603773585,0.78,,
0.7111111111111111,0.71,,
0.6981132075471699,0.70,,
0.9285714285714286,0.93,,
0.8888888888888888,0.89,,
0.7450980392156863,0.75,,
0.7142857142857143,0.71,,
0.84,0.84,,
0.7043478260869565,0.70,,
0.6666666666666667,0.67,,
0.7254901960784313,0.73,,
0.6885245901639344,0.69,,
0.6329113924050633,0.63,,
0.00,0.00,,
0.7164179104477613,0.72,,
0.9545454545454546,0.95,,
0.8636363636363636,0.86,,
0.6506024096385542,0.65,,
0.7058823529411764,0.71,,
0.6886792452830188,0.69,,
0.8666666666666667,0.87,,
0.8372093023255813,0.84,,
0.7659574468085106,0.77,,
0.00,0.00,,
0.8260869565217391,0.83,,
0.60,0.60,,
0.6593406593406593,0.66,,
0.63,0.63,,
0.7914893617021277,0.79,,
0.96,0.96,,
0.6195652173913043,0.62,,
0.9523809523809523,0.95,,
0.6833333333333333,0.68,,
0.8294573643410853,0.83,,
0.5285714285714286,0.53,,
0.7083333333333333,0.71,,
0.6282051282051282,0.63,,
0.4675324675324676,0.47,,
0.7605042016806722,0.76,,
0.50,0.50,,
0.6716417910447761,0.67,,
0.4675324675324676,0.47,,
0.49367088607594933,0.49,,
0.8170731707317074,0.82,,
0.4555555555555556,0.46,,
0.7608695652173914,0.76,,
0.6265822784810127,0.63,,
0.00,0.00,,
0.7777777777777778,0.78,,
0.5061728395061729,0.51,,
0.49367088607594933,0.49,,
0.84,0.84,,
0.7769784172661871,0.78,,
0.7272727272727273,0.73,,
0.45,0.45,,
0.7727272727272727,0.77,,
0.49397590361445787,0.49,,
0.6470588235294117,0.65,,
0.5566037735849056,0.56,,
0.9333333333333333,0.93,,
0.5494505494505495,0.55,,
0.56,0.56,,
0.6717557251908397,0.67,,
0.37,0.37,,
0.6220472440944882,0.62,,
0.3857142857142857,0.39,,
0.83,0.83,,
0.7601809954751131,0.76,,
0.6666666666666667,0.67,,
0.7058823529411764,0.71,,
0.78,0.78,,
0.7540322580645161,0.75,,
0.5666666666666667,0.57,,
0.6129032258064516,0.61,,
0.5714285714285714,0.57,,
0.65,0.65,,
0.6697674418604651,0.67,,
0.7530487804878049,0.75,,
0.7676348547717842,0.77,,
0.7829457364341086,0.78,,
0.5647058823529412,0.56,,
0.4555555555555556,0.46,,
0.7173913043478262,0.72,,
0.44999999999999996,0.45,,
0.7172131147540983,0.72,,
0.5822784810126582,0.58,,
0.6387096774193548,0.64,,
0.7857142857142857,0.79,,
0.8148148148148149,0.81,,
0.6666666666666667,0.67,,
0.7122302158273381,0.71,,
0.80,0.80,,
0.7702265372168284,0.77,,
0.6818181818181819,0.68,,
0.4794520547945206,0.48,,
0.7727272727272727,0.77,,
0.5783132530120482,0.58,,
0.50,0.50,,
0.5849056603773585,0.58,,
0.5333333333333333,0.53,,
0.7142857142857143,0.71,,
0.74,0.74,,
0.5217391304347826,0.52,,
0.2666666666666667,0.27,,
0.5604395604395604,0.56,,
0.7188405797101449,0.72,,
0.44,0.44,,
0.6259541984732824,0.63,,
0.72,0.72,,
0.68,0.68,,
0.42000000000000004,0.42,,
0.76,0.76,,
0.6190476190476191,0.62,,
0.6535433070866141,0.65,,
0.5285714285714286,0.53,,
0.77,0.77,,
0.5285714285714286,0.53,,
0.6363636363636364,0.64,,
0.7741935483870968,0.77,,
0.6285714285714286,0.63,,
0.7768595041322314,0.78,,
0.7583892617449665,0.76,,
0.6363636363636364,0.64,,
0.6582278481012658,0.66,,
0.8857142857142857,0.89,,
0.7126436781609196,0.71,,
0.8132780082987552,0.81,,
0.70,0.70,,
0.8075471698113208,0.81,,
0.7111111111111111,0.71,,
0.6981132075471699,0.70,,
0.9285714285714286,0.93,,
0.8888888888888888,0.89,,
0.84,0.84,,
0.7130434782608696,0.71,,
0.7037037037037037,0.70,,
0.7254901960784313,0.73,,
0.6967213114754098,0.70,,
0.6582278481012658,0.66,,
0.00,0.00,,
0.9545454545454546,0.95,,
0.8636363636363636,0.86,,
0.7352941176470589,0.74,,
0.7075471698113207,0.71,,
0.8666666666666667,0.87,,
0.8372093023255813,0.84,,
0.7659574468085106,0.77,,
0.00,0.00,,
0.8260869565217391,0.83,,
0.60,0.60,,
0.6703296703296704,0.67,,
0.63,0.63,,
0.7914893617021277,0.79,,
0.96,0.96,,
0.6304347826086957,0.63,,
0.70,0.70,,
0.5714285714285714,0.57,,
0.6129032258064516,0.61,,
0.8571428571428572,0.86,,
0.88,0.88,,
0.47,0.47,,
0.41428571428571426,0.41,,
0.5194805194805194,0.52,,
0.5285714285714286,0.53,,
0.6778523489932886,0.68,,
0.5194805194805194,0.52,,
0.6666666666666667,0.67,,
0.7634854771784232,0.76,,
0.7547169811320755,0.75,,
0.8571428571428572,0.86,,
0.6434782608695653,0.64,,
0.84,0.84,,
0.6818181818181819,0.68,,
0.5662650602409638,0.57,,
0.5588235294117647,0.56,,
0.80,0.80,,
0.7945736434108527,0.79,,
0.60,0.60,,
0.5714285714285714,0.57,,
0.47,0.47,,
0.5217391304347826,0.52,,
0.50,0.50,,
0.4714285714285714,0.47,,
0.8571428571428572,0.86,,
0.56,0.56,,
0.6764705882352942,0.68,,
0.8666666666666667,0.87,,
0.8421052631578947,0.84,,
0.7857142857142857,0.79,,
0.8148148148148149,0.81,,
0.80,0.80,,
0.72,0.72,,
0.7741935483870968,0.77,,
0.92,0.92,,
0.8181818181818181,0.82,,
0.00,0.00,,
0.8947368421052632,0.89,,
0.8571428571428572,0.86,,
0.8888888888888888,0.89,,
0.9130434782608696,0.91,,
0.80,0.80,,
0.75,0.75,,
0.80,0.80,,
0.92,0.92,,
0.7419354838709677,0.74,,
0.92,0.92,,
0.9090909090909091,0.91,,
0.9545454545454546,0.95,,
0.7647058823529411,0.76,,
0.8666666666666667,0.87,,
0.00,0.00,,
0.00,0.00,,
0.00,0.00,,
0.9565217391304348,0.96,,
0.9333333333333333,0.93,,
0.94,0.94,,
0.00,0.00,,
0.00,0.00,,
0.97,0.97,,
0.00,0.00,,
0.00,0.00,,
0.8636363636363636,0.86,,
0.9545454545454546,0.95,,
0.8823529411764706,0.88,,
0.00,0.00,,
0.8947368421052632,0.89,,
0.9285714285714286,0.93,,
0.8888888888888888,0.89,,
0.9130434782608696,0.91,,
0.80,0.80,,
0.75,0.75,,
0.80,0.80,,
0.88,0.88,,
0.7419354838709677,0.74,,
0.88,0.88,,
0.9090909090909091,0.91,,
0.9545454545454546,0.95,,
0.7647058823529411,0.76,,
0.8666666666666667,0.87,,
0.9473684210526316,0.95,,
0.9285714285714286,0.93,,
0.7777777777777778,0.78,,
0.75,0.75,,
0.96,0.96,,
0.00,0.00,,
0.9285714285714286,0.93,,
0.59,0.59,,
0.92,0.92,,
0.7058823529411764,0.71,,
0.9333333333333333,0.93,,
0.00,0.00,,
0.9285714285714286,0.93,,
0.8518518518518519,0.85,,
0.8695652173913043,0.87,,
0.5333333333333333,0.53,,
0.50,0.50,,
0.84,0.84,,
0.92,0.92,,
0.7419354838709677,0.74,,
0.60,0.60,,
0.00,0.00,,
0.00,0.00,,
0.00,0.00,,
0.6764705882352942,0.68,,
0.8666666666666667,0.87,,
0.9473684210526316,0.95,,
0.9285714285714286,0.93,,
0.8888888888888888,0.89,,
0.5333333333333333,0.53,,
0.56,0.56,,
0.6451612903225806,0.65,,
0.80,0.80,,
0.9090909090909091,0.91,,
0.8181818181818181,0.82,,
0.6764705882352942,0.68,,
0.8666666666666667,0.87,,
0.9285714285714286,0.93,,
0.50,0.50,,
0.00,0.00,,
0.00,0.00,,
0.8518518518518519,0.85,,
0.00,0.00,,
0.91,0.91,,
0.92,0.92,,
0.00,0.00,,
0.8636363636363636,0.86,,
0.7727272727272727,0.77,,
0.8823529411764706,0.88,,
0.00,0.00,,
0.9285714285714286,0.93,,
0.5333333333333333,0.53,,
0.56,0.56,,
0.92,0.92,,
0.7352941176470589,0.74,,
0.00,0.00,,
0.00,0.00,,
0.7777777777777778,0.78,,
0.9565217391304348,0.96,,
0.00,0.00,,
0.97,0.97,,
0.88,0.88,,
0.84,0.84,,
0.00,0.00,,
0.95,0.95,,
0.9285714285714286,0.93,,
0.92,0.92,,
0.8636363636363636,0.86,,
0.7727272727272727,0.77,,
0.9411764705882353,0.94,,
0.00,0.00,,
0.8571428571428572,0.86,,
0.7894736842105263,0.79,,
0.9285714285714286,0.93,,
0.7777777777777778,0.78,,
0.5333333333333333,0.53,,
0.44,0.44,,
0.84,0.84,,
0.5588235294117647,0.56,,
0.00,0.00,,
0.00,0.00,,
0.9259259259259259,0.93,,
0.00,0.00,,
0.8666666666666667,0.87,,
0.84,0.84,,
0.96,0.96,,
0.00,0.00,,
0.94,0.94,,
0.80,0.80,,
0.92,0.92,,
0.00,0.00,,
0.00,0.00,,
0.8823529411764706,0.88,,
0.00,0.00,,
0.8421052631578947,0.84,,
0.9285714285714286,0.93,,
0.8888888888888888,0.89,,
0.8260869565217391,0.83,,
0.9333333333333333,0.93,,
0.78,0.78,,
0.88,0.88,,
0.7741935483870968,0.77,,
0.85,0.85,,
0.92,0.92,,
0.7727272727272727,0.77,,
0.7727272727272727,0.77,,
0.8235294117647058,0.82,,
0.00,0.00,,
0.00,0.00,,
0.00,0.00,,
0.7407407407407407,0.74,,
0.9565217391304348,0.96,,
0.00,0.00,,
0.97,0.97,,
0.88,0.88,,
0.84,0.84,,
0.00,0.00,,
0.95,0.95,,
0.9285714285714286,0.93,,
0.88,0.88,,
0.8181818181818181,0.82,,
0.7727272727272727,0.77,,
0.9411764705882353,0.94,,
0.00,0.00,,
0.8571428571428572,0.86,,
0.4571428571428572,0.46,,
0.8571428571428572,0.86,,
0.56,0.56,,
0.7058823529411764,0.71,,
0.8666666666666667,0.87,,
0.00,0.00,,
0.9285714285714286,0.93,,
0.4666666666666667,0.47,,
0.56,0.56,,
0.60,0.60,,
0.6764705882352942,0.68,,
0.8666666666666667,0.87,,
0.7857142857142857,0.79,,
0.88,0.88,,
0.8148148148148149,0.81,,
0.69,0.69,,
0.7857142857142857,0.79,,
0.88,0.88,,
0.8148148148148149,0.81,,
0.69,0.69,,
0.9473684210526316,0.95,,
0.9285714285714286,0.93,,
0.40,0.40,,
0.66,0.66,,
0.5888888888888889,0.59,,
0.45999999999999996,0.46,,
0.7272727272727273,0.73,,
0.7272727272727273,0.73,,
0.5882352941176471,0.59,,
0.9333333333333333,0.93,,
0.6764705882352942,0.68,,
0.50,0.50,,
0.8571428571428572,0.86,,
0.56,0.56,,
0.8947368421052632,0.89,,
0.7857142857142857,0.79,,
0.8148148148148149,0.81,,
0.60,0.60,,
0.50,0.50,,
0.84,0.84,,
0.6774193548387097,0.68,,
0.92,0.92,,
0.8181818181818181,0.82,,
0.6470588235294117,0.65,,
0.80,0.80,,
0.4714285714285714,0.47,,
0.8571428571428572,0.86,,
0.56,0.56,,
0.6470588235294117,0.65,,
0.8666666666666667,0.87,,
0.48051948051948057,0.48,,
0.50,0.50,,
0.7741935483870968,0.77,,
0.48051948051948057,0.48,,
0.5189873417721519,0.52,,
0.8201219512195121,0.82,,
0.4666666666666667,0.47,,
0.60,0.60,,
0.00,0.00,,
0.8148148148148149,0.81,,
0.5308641975308642,0.53,,
0.5189873417721519,0.52,,
0.7841726618705036,0.78,,
0.8636363636363636,0.86,,
0.8181818181818181,0.82,,
0.4794520547945206,0.48,,
0.4819277108433735,0.48,,
0.6176470588235294,0.62,,
0.5849056603773585,0.58,,
0.00,0.00,,
0.00,0.00,,
0.8260869565217391,0.83,,
0.5333333333333333,0.53,,
0.59,0.59,,
0.6641221374045801,0.66,,
0.88,0.88,,
0.39,0.39,,
0.6220472440944882,0.62,,
0.3857142857142857,0.39,,
0.00,0.00,,
0.00,0.00,,
0.9259259259259259,0.93,,
0.4666666666666667,0.47,,
0.59,0.59,,
0.7096774193548387,0.71,,
0.00,0.00,,
0.9545454545454546,0.95,,
0.7352941176470589,0.74,,
0.00,0.00,,
0.8421052631578947,0.84,,
0.00,0.00,,
0.7407407407407407,0.74,,
0.5333333333333333,0.53,,
0.59,0.59,,
0.84,0.84,,
0.7272727272727273,0.73,,
0.7352941176470589,0.74,,
0.00,0.00,,
0.9473684210526316,0.95,,
0.00,0.00,,
0.8518518518518519,0.85,,
0.7391304347826086,0.74,,
0.9333333333333333,0.93,,
0.91,0.91,,
0.88,0.88,,
0.92,0.92,,
0.9032258064516129,0.90,,
0.90,0.90,,
0.9047619047619048,0.90,,
0.00,0.00,,
0.00,0.00,,
0.9090909090909091,0.91,,
0.9117647058823529,0.91,,
0.9333333333333333,0.93,,
0.7714285714285715,0.77,,
0.00,0.00,,
0.00,0.00,,
0.7777777777777778,0.78,,
0.8260869565217391,0.83,,
0.7333333333333334,0.73,,
0.81,0.81,,
0.84,0.84,,
0.88,0.88,,
0.94,0.94,,
0.85,0.85,,
0.96,0.96,,
0.8181818181818181,0.82,,
0.7272727272727273,0.73,,
0.9411764705882353,0.94,,
0.9333333333333333,0.93,,
0.80,0.80,,
0.00,0.00,,
0.9285714285714286,0.93,,
0.8518518518518519,0.85,,
0.40,0.40,,
0.59,0.59,,
0.00,0.00,,
0.9090909090909091,0.91,,
0.8636363636363636,0.86,,
0.7058823529411764,0.71,,
0.8666666666666667,0.87,,
0.7857142857142857,0.79,,
0.44,0.44,,
0.5806451612903225,0.58,,
0.88,0.88,,
0.6470588235294117,0.65,,
0.6666666666666667,0.67,,
0.8421052631578947,0.84,,
0.9285714285714286,0.93,,
0.8148148148148149,0.81,,
0.4666666666666667,0.47,,
0.56,0.56,,
0.75,0.75,,
0.80,0.80,,
0.8181818181818181,0.82,,
0.8636363636363636,0.86,,
0.6470588235294117,0.65,,
0.00,0.00,,
0.00,0.00,,
0.00,0.00,,
0.00,0.00,,
0.9565217391304348,0.96,,
0.9333333333333333,0.93,,
0.94,0.94,,
0.00,0.00,,
0.00,0.00,,
0.97,0.97,,
0.95,0.95,,
0.92,0.92,,
0.00,0.00,,
0.00,0.00,,
0.9411764705882353,0.94,,
0.00,0.00,,
0.00,0.00,,
0.9285714285714286,0.93,,
0.8518518518518519,0.85,,
0.8695652173913043,0.87,,
0.5333333333333333,0.53,,
0.50,0.50,,
0.84,0.84,,
0.92,0.92,,
0.7096774193548387,0.71,,
0.60,0.60,,
0.00,0.00,,
0.00,0.00,,
0.00,0.00,,
0.6764705882352942,0.68,,
0.8666666666666667,0.87,,
0.8421052631578947,0.84,,
0.9285714285714286,0.93,,
0.7777777777777778,0.78,,
0.80,0.80,,
0.59,0.59,,
0.92,0.92,,
0.8636363636363636,0.86,,
0.6764705882352942,0.68,,
0.9333333333333333,0.93,,
0.40,0.40,,
0.38,0.38,,
0.7338709677419355,0.73,,
0.7318611987381703,0.73,,
0.50,0.50,,
0.66,0.66,,
0.6470588235294117,0.65,,
0.44285714285714284,0.44,,
0.56,0.56,,
0.8421052631578947,0.84,,
0.7857142857142857,0.79,,
0.7777777777777778,0.78,,
0.8260869565217391,0.83,,
0.40,0.40,,
0.44,0.44,,
0.72,0.72,,
0.78,0.78,,
0.76,0.76,,
0.6451612903225806,0.65,,
0.55,0.55,,
0.7857142857142857,0.79,,
0.84,0.84,,
0.7272727272727273,0.73,,
0.7727272727272727,0.77,,
0.5555555555555556,0.56,,
0.6176470588235294,0.62,,
0.6666666666666667,0.67,,
0.60,0.60,,
0.50,0.50,,
0.00,0.00,,
0.9285714285714286,0.93,,
0.60,0.60,,
0.59,0.59,,
0.70,0.70,,
0.80,0.80,,
0.00,0.00,,
0.7058823529411764,0.71,,
0.00,0.00,,
0.8571428571428572,0.86,,
0.5333333333333333,0.53,,
0.53,0.53,,
0.6451612903225806,0.65,,
0.6764705882352942,0.68,,
0.8666666666666667,0.87,,
0.8571428571428572,0.86,,
0.53,0.53,,
0.4571428571428572,0.46,,
0.9285714285714286,0.93,,
0.60,0.60,,
0.56,0.56,,
0.5652173913043479,0.57,,
0.92,0.92,,
0.6764705882352942,0.68,,
0.8666666666666667,0.87,,
0.9285714285714286,0.93,,
0.59,0.59,,
0.56,0.56,,
0.6764705882352942,0.68,,
0.50,0.50,,
0.7614107883817427,0.76,,
0.7161803713527852,0.72,,
0.6553191489361703,0.66,,
0.7105263157894737,0.71,,
0.7292576419213974,0.73,,
0.7248908296943232,0.72,,
0.7560975609756098,0.76,,
0.8140243902439024,0.81,,
0.7774390243902439,0.78,,
0.4666666666666667,0.47,,
0.43333333333333335,0.43,,
0.3666666666666667,0.37,,
0.43333333333333335,0.43,,
0.4666666666666667,0.47,,
0.40,0.40,,
0.7213114754098361,0.72,,
0.7428571428571429,0.74,,
0.5857142857142856,0.59,,
0.68,0.68,,
0.8063380281690141,0.81,,
0.00,0.00,,
0.7762237762237763,0.78,,
0.74,0.74,,
0.6849315068493151,0.68,,
0.6535947712418301,0.65,,
0.8174386920980926,0.82,,
0.72,0.72,,
0.5789473684210527,0.58,,
0.6621621621621622,0.66,,
0.8431876606683805,0.84,,
0.9473684210526316,0.95,,
0.9285714285714286,0.93,,
0.6956521739130435,0.70,,
0.96,0.96,,
0.8666666666666667,0.87,,
0.84,0.84,,
0.80,0.80,,
0.00,0.00,,
0.9545454545454546,0.95,,
0.9545454545454546,0.95,,
0.9333333333333333,0.93,,
0.00,0.00,,
0.00,0.00,,
0.8888888888888888,0.89,,
0.00,0.00,,
0.9545454545454546,0.95,,
0.9090909090909091,0.91,,
0.00,0.00,,
0.8947368421052632,0.89,,
0.9285714285714286,0.93,,
0.7391304347826086,0.74,,
0.8888888888888888,0.89,,
0.80,0.80,,
0.92,0.92,,
0.90,0.90,,
0.96,0.96,,
0.7272727272727273,0.73,,
0.6818181818181819,0.68,,
0.9333333333333333,0.93,,
0.9285714285714286,0.93,,
0.7777777777777778,0.78,,
0.4666666666666667,0.47,,
0.72,0.72,,
0.6818181818181819,0.68,,
0.00,0.00,,
0.88,0.88,,
0.9473684210526316,0.95,,
0.9285714285714286,0.93,,
0.8888888888888888,0.89,,
0.88,0.88,,
0.8636363636363636,0.86,,
0.9090909090909091,0.91,,
0.00,0.00,,
0.9473684210526316,0.95,,
0.00,0.00,,
0.9259259259259259,0.93,,
0.9333333333333333,0.93,,
0.96,0.96,,
0.00,0.00,,
0.9473684210526316,0.95,,
0.00,0.00,,
0.96,0.96,,
0.9333333333333333,0.93,,
0.88,0.88,,
0.96,0.96,,
0.8387096774193549,0.84,,
0.00,0.00,,
0.96,0.96,,
0.9545454545454546,0.95,,
0.9333333333333333,0.93,,
0.00,0.00,,
0.00,0.00,,
0.7777777777777778,0.78,,
0.80,0.80,,
0.84,0.84,,
0.7272727272727273,0.73,,
0.7272727272727273,0.73,,
0.00,0.00,,
0.00,0.00,,
0.6799999999999999,0.68,,
0.9473684210526316,0.95,,
0.00,0.00,,
0.88,0.88,,
0.00,0.00,,
0.00,0.00,,
0.6799999999999999,0.68,,
0.7777777777777778,0.78,,
0.8421052631578947,0.84,,
0.9285714285714286,0.93,,
0.78,0.78,,
0.9333333333333333,0.93,,
0.7741935483870968,0.77,,
0.96,0.96,,
0.7727272727272727,0.77,,
0.8181818181818181,0.82,,
0.8529411764705882,0.85,,
0.9333333333333333,0.93,,
0.00,0.00,,
0.00,0.00,,
0.8518518518518519,0.85,,
0.6666666666666667,0.67,,
0.7419354838709677,0.74,,
0.88,0.88,,
0.8636363636363636,0.86,,
0.9333333333333333,0.93,,
0.8421052631578947,0.84,,
0.9285714285714286,0.93,,
0.85,0.85,,
0.92,0.92,,
0.8636363636363636,0.86,,
0.7333333333333334,0.73,,
0.9285714285714286,0.93,,
0.6818181818181819,0.68,,
0.88,0.88,,
0.00,0.00,,
0.72,0.72,,
0.8421052631578947,0.84,,
0.9285714285714286,0.93,,
0.7391304347826086,0.74,,
0.96,0.96,,
0.9333333333333333,0.93,,
0.76,0.76,,
0.00,0.00,,
0.84,0.84,,
0.7272727272727273,0.73,,
0.7727272727272727,0.77,,
0.00,0.00,,
0.00,0.00,,
0.00,0.00,,
0.00,0.00,,
0.00,0.00,,
0.9032258064516129,0.90,,
0.92,0.92,,
0.00,0.00,,
0.00,0.00,,
0.00,0.00,,
0.00,0.00,,
0.00,0.00,,
0.00,0.00,,
0.9545454545454546,0.95,,
0.00,0.00,,
0.9285714285714286,0.93,,
0.80,0.80,,
0.63,0.63,,
0.00,0.00,,
0.43333333333333335,0.43,,
0.8148148148148149,0.81,,
0.4666666666666667,0.47,,
0.43333333333333335,0.43,,
0.76,0.76,,
0.76,0.76,,
0.4666666666666667,0.47,,
0.96,0.96,,
0.6818181818181819,0.68,,
0.80,0.80,,
0.00,0.00,,
0.9285714285714286,0.93,,
0.84,0.84,,
0.00,0.00,,
0.72,0.72,,
0.63,0.63,,
0.8571428571428572,0.86,,
0.52,0.52,,
0.84,0.84,,
0.7272727272727273,0.73,,
0.7333333333333334,0.73,,
0.8947368421052632,0.89,,
0.8571428571428572,0.86,,
0.96,0.96,,
0.84,0.84,,
0.9545454545454546,0.95,,
0.9545454545454546,0.95,,
0.00,0.00,,
0.8947368421052632,0.89,,
0.00,0.00,,
0.7037037037037037,0.70,,
0.72,0.72,,
0.6363636363636364,0.64,,
0.5454545454545454,0.55,,
0.9333333333333333,0.93,,
0.9285714285714286,0.93,,
0.84,0.84,,
0.7727272727272727,0.77,,
0.8518518518518519,0.85,,
0.63,0.63,,
0.8571428571428572,0.86,,
0.52,0.52,,
0.80,0.80,,
0.7272727272727273,0.73,,
0.7333333333333334,0.73,,
0.74,0.74,,
0.9285714285714286,0.93,,
0.8148148148148149,0.81,,
0.80,0.80,,
0.84,0.84,,
0.7741935483870968,0.77,,
0.80,0.80,,
0.00,0.00,,
0.8181818181818181,0.82,,
0.8666666666666667,0.87,,
0.00,0.00,,
0.96,0.96,,
0.00,0.00,,
0.9285714285714286,0.93,,
0.84,0.84,,
0.8181818181818181,0.82,,
0.00,0.00,,
0.5849056603773585,0.58,,
0.00,0.00,,
0.00,0.00,,
0.88,0.88,,
0.8636363636363636,0.86,,
0.00,0.00,,
0.8421052631578947,0.84,,
0.9285714285714286,0.93,,
0.78,0.78,,
0.9333333333333333,0.93,,
0.7741935483870968,0.77,,
0.96,0.96,,
0.7727272727272727,0.77,,
0.8636363636363636,0.86,,
0.8529411764705882,0.85,,
0.9333333333333333,0.93,,
0.00,0.00,,
0.00,0.00,,
0.96,0.96,,
0.9090909090909091,0.91,,
0.00,0.00,,
0.00,0.00,,
0.96,0.96,,
0.9473684210526316,0.95,,
0.00,0.00,,
0.8518518518518519,0.85,,
0.9333333333333333,0.93,,
0.84,0.84,,
0.84,0.84,,
0.96,0.96,,
0.8636363636363636,0.86,,
0.8636363636363636,0.86,,
0.00,0.00,,
0.8421052631578947,0.84,,
0.9285714285714286,0.93,,
0.8518518518518519,0.85,,
0.6956521739130435,0.70,,
0.8666666666666667,0.87,,
0.88,0.88,,
0.94,0.94,,
0.80,0.80,,
0.84,0.84,,
0.8636363636363636,0.86,,
0.7272727272727273,0.73,,
0.8529411764705882,0.85,,
0.8666666666666667,0.87,,
0.00,0.00,,
0.84,0.84,,
0.8947368421052632,0.89,,
0.9285714285714286,0.93,,
0.8148148148148149,0.81,,
0.88,0.88,,
0.8636363636363636,0.86,,
0.9333333333333333,0.93,,
0.9285714285714286,0.93,,
0.72,0.72,,
0.9285714285714286,0.93,,
0.84,0.84,,
0.8947368421052632,0.89,,
0.9285714285714286,0.93,,
0.6818181818181819,0.68,,
0.72,0.72,,
0.00,0.00,,
0.8947368421052632,0.89,,
0.00,0.00,,
0.00,0.00,,
0.00,0.00,,
0.9333333333333333,0.93,,
0.00,0.00,,
0.88,0.88,,
0.9473684210526316,0.95,,
0.8571428571428572,0.86,,
0.8148148148148149,0.81,,
0.96,0.96,,
0.7727272727272727,0.77,,
0.9333333333333333,0.93,,
0.00,0.00,,
0.00,0.00,,
0.9333333333333333,0.93,,
0.92,0.92,,
0.00,0.00,,
0.9333333333333333,0.93,,
0.00,0.00,,
0.9285714285714286,0.93,,
0.72,0.72,,
0.00,0.00,,
0.9285714285714286,0.93,,
0.84,0.84,,
0.9473684210526316,0.95,,
0.00,0.00,,
0.8888888888888888,0.89,,
0.80,0.80,,
0.00,0.00,,
0.9333333333333333,0.93,,
0.8947368421052632,0.89,,
0.9285714285714286,0.93,,
0.8888888888888888,0.89,,
0.9565217391304348,0.96,,
0.9333333333333333,0.93,,
0.92,0.92,,
0.92,0.92,,
0.9032258064516129,0.90,,
0.00,0.00,,
0.96,0.96,,
0.9090909090909091,0.91,,
0.9090909090909091,0.91,,
0.9333333333333333,0.93,,
0.8947368421052632,0.89,,
0.9285714285714286,0.93,,
0.9259259259259259,0.93,,
0.9130434782608696,0.91,,
0.9333333333333333,0.93,,
0.96,0.96,,
0.92,0.92,,
0.94,0.94,,
0.95,0.95,,
0.84,0.84,,
0.00,0.00,,
0.00,0.00,,
0.00,0.00,,
0.7428571428571429,0.74,,
0.8947368421052632,0.89,,
0.9285714285714286,0.93,,
0.6521739130434783,0.65,,
0.96,0.96,,
0.80,0.80,,
0.92,0.92,,
0.7727272727272727,0.77,,
0.8181818181818181,0.82,,
0.9333333333333333,0.93,,
0.00,0.00,,
0.00,0.00,,
0.00,0.00,,
0.00,0.00,,
0.00,0.00,,
0.00,0.00,,
0.96,0.96,,
0.00,0.00,,
0.00,0.00,,
0.00,0.00,,
0.9473684210526316,0.95,,
0.00,0.00,,
0.8148148148148149,0.81,,
0.92,0.92,,
0.7272727272727273,0.73,,
0.9473684210526316,0.95,,
0.00,0.00,,
0.00,0.00,,
0.00,0.00,,
0.8709677419354839,0.87,,
0.92,0.92,,
0.9545454545454546,0.95,,
0.9090909090909091,0.91,,
0.00,0.00,,
0.9473684210526316,0.95,,
0.00,0.00,,
0.8260869565217391,0.83,,
0.96,0.96,,
0.9333333333333333,0.93,,
0.00,0.00,,
0.9545454545454546,0.95,,
0.9545454545454546,0.95,,
0.9333333333333333,0.93,,
0.00,0.00,,
0.6363636363636364,0.64,,
0.88,0.88,,
0.8181818181818181,0.82,,
0.00,0.00,,
0.00,0.00,,
0.96,0.96,,
0.8260869565217391,0.83,,
0.00,0.00,,
0.96,0.96,,
0.00,0.00,,
0.00,0.00,,
0.8636363636363636,0.86,,
0.9090909090909091,0.91,,
0.00,0.00,,
0.7714285714285715,0.77,,
0.5789473684210527,0.58,,
0.00,0.00,,
0.33333333333333337,0.33,,
0.7037037037037037,0.70,,
0.30000000000000004,0.30,,
0.33333333333333337,0.33,,
0.6799999999999999,0.68,,
0.88,0.88,,
0.5909090909090908,0.59,,
0.80,0.80,,
0.9473684210526316,0.95,,
0.00,0.00,,
0.96,0.96,,
0.7333333333333334,0.73,,
0.88,0.88,,
0.00,0.00,,
0.00,0.00,,
0.8571428571428572,0.86,,
0.76,0.76,,
0.8571428571428572,0.86,,
0.7272727272727273,0.73,,
0.72,0.72,,
0.00,0.00,,
0.00,0.00,,
0.60,0.60,,
0.8148148148148149,0.81,,
0.5666666666666667,0.57,,
0.60,0.60,,
0.84,0.84,,
0.92,0.92,,
0.8636363636363636,0.86,,
0.7272727272727273,0.73,,
0.00,0.00,,
0.9473684210526316,0.95,,
0.00,0.00,,
0.96,0.96,,
0.00,0.00,,
0.96,0.96,,
0.92,0.92,,
0.9090909090909091,0.91,,
0.8181818181818181,0.82,,
0.00,0.00,,
0.9285714285714286,0.93,,
0.88,0.88,,
0.8947368421052632,0.89,,
0.8571428571428572,0.86,,
0.75,0.75,,
0.6799999999999999,0.68,,
0.6363636363636364,0.64,,
0.6818181818181819,0.68,,
0.9333333333333333,0.93,,
0.63,0.63,,
0.00,0.00,,
0.33333333333333337,0.33,,
0.8518518518518519,0.85,,
0.40,0.40,,
0.33333333333333337,0.33,,
0.80,0.80,,
0.84,0.84,,
0.7272727272727273,0.73,,
0.80,0.80,,
0.74,0.74,,
0.8571428571428572,0.86,,
0.7777777777777778,0.78,,
0.6799999999999999,0.68,,
0.4864864864864865,0.49,,
0.8666666666666667,0.87,,
0.4716981132075472,0.47,,
0.63,0.63,,
0.8571428571428572,0.86,,
0.52,0.52,,
0.84,0.84,,
0.7272727272727273,0.73,,
0.7333333333333334,0.73,,
0.9285714285714286,0.93,,
0.72,0.72,,
0.8947368421052632,0.89,,
0.00,0.00,,
0.96,0.96,,
0.00,0.00,,
0.00,0.00,,
0.00,0.00,,
0.9545454545454546,0.95,,
0.00,0.00,,
0.8947368421052632,0.89,,
0.00,0.00,,
0.9259259259259259,0.93,,
0.92,0.92,,
0.9090909090909091,0.91,,
0.9090909090909091,0.91,,
0.00,0.00,,
0.9285714285714286,0.93,,
0.5666666666666667,0.57,,
0.5333333333333333,0.53,,
0.5666666666666667,0.57,,
0.40,0.40,,
0.33333333333333337,0.33,,
0.88,0.88,,
0.7272727272727273,0.73,,
0.6363636363636364,0.64,,
0.40,0.40,,
0.9473684210526316,0.95,,
0.00,0.00,,
0.8148148148148149,0.81,,
0.00,0.00,,
0.7272727272727273,0.73,,
0.6818181818181819,0.68,,
0.00,0.00,,
0.6176470588235294,0.62,,
0.9285714285714286,0.93,,
0.92,0.92,,
0.8666666666666667,0.87,,
0.00,0.00,,
0.6363636363636364,0.64,,
0.88,0.88,,
0.8181818181818181,0.82,,
0.00,0.00,,
0.00,0.00,,
0.8518518518518519,0.85,,
0.60,0.60,,
0.88,0.88,,
0.7727272727272727,0.77,,
0.6818181818181819,0.68,,
0.00,0.00,,
0.9473684210526316,0.95,,
0.9285714285714286,0.93,,
0.8148148148148149,0.81,,
0.6818181818181819,0.68,,
0.84,0.84,,
0.7272727272727273,0.73,,
0.00,0.00,,
0.92,0.92,,
0.00,0.00,,
0.8571428571428572,0.86,,
0.84,0.84,,
0.00,0.00,,
0.00,0.00,,
0.00,0.00,,
0.00,0.00,,
0.96,0.96,,
0.9545454545454546,0.95,,
0.9545454545454546,0.95,,
0.00,0.00,,
0.00,0.00,,
0.88,0.88,,
0.00,0.00,,
0.00,0.00,,
0.9259259259259259,0.93,,
0.00,0.00,,
0.92,0.92,,
0.00,0.00,,
0.00,0.00,,
0.9545454545454546,0.95,,
0.9090909090909091,0.91,,
0.00,0.00,,
0.9473684210526316,0.95,,
0.00,0.00,,
0.7777777777777778,0.78,,
0.84,0.84,,
0.6818181818181819,0.68,,
0.7058823529411764,0.71,,
0.8666666666666667,0.87,,
0.63,0.63,,
0.00,0.00,,
0.40,0.40,,
0.3666666666666667,0.37,,
0.40,0.40,,
0.76,0.76,,
0.3666666666666667,0.37,,
0.92,0.92,,
0.6363636363636364,0.64,,
0.00,0.00,,
0.00,0.00,,
0.96,0.96,,
0.8421052631578947,0.84,,
0.8571428571428572,0.86,,
0.7407407407407407,0.74,,
0.80,0.80,,
0.70,0.70,,
0.00,0.00,,
0.8636363636363636,0.86,,
0.7333333333333334,0.73,,
0.64,0.64,,
0.00,0.00,,
0.00,0.00,,
0.9259259259259259,0.93,,
0.80,0.80,,
0.96,0.96,,
0.9545454545454546,0.95,,
0.00,0.00,,
0.8421052631578947,0.84,,
0.9285714285714286,0.93,,
0.7391304347826086,0.74,,
0.96,0.96,,
0.9333333333333333,0.93,,
0.76,0.76,,
0.00,0.00,,
0.84,0.84,,
0.7272727272727273,0.73,,
0.7727272727272727,0.77,,
0.00,0.00,,
0.9473684210526316,0.95,,
0.8571428571428572,0.86,,
0.8888888888888888,0.89,,
0.9333333333333333,0.93,,
0.84,0.84,,
0.84,0.84,,
0.96,0.96,,
0.8636363636363636,0.86,,
0.8636363636363636,0.86,,
0.8666666666666667,0.87,,
0.00,0.00,,
0.00,0.00,,
0.76,0.76,,
0.00,0.00,,
0.00,0.00,,
0.8148148148148149,0.81,,
0.60,0.60,,
0.72,0.72,,
0.00,0.00,,
0.64,0.64,,
0.00,0.00,,
0.9285714285714286,0.93,,
0.00,0.00,,
0.00,0.00,,
0.00,0.00,,
0.72,0.72,,
0.9473684210526316,0.95,,
0.9285714285714286,0.93,,
0.8148148148148149,0.81,,
0.80,0.80,,
0.8709677419354839,0.87,,
0.92,0.92,,
0.6818181818181819,0.68,,
0.7272727272727273,0.73,,
0.8235294117647058,0.82,,
0.00,0.00,,
0.9285714285714286,0.93,,
0.76,0.76,,
0.00,0.00,,
0.9285714285714286,0.93,,
0.6363636363636364,0.64,,
0.96,0.96,,
0.7272727272727273,0.73,,
0.9333333333333333,0.93,,
0.00,0.00,,
0.96,0.96,,
0.9473684210526316,0.95,,
0.00,0.00,,
0.7407407407407407,0.74,,
0.6666666666666667,0.67,,
0.92,0.92,,
0.8181818181818181,0.82,,
0.00,0.00,,
0.8947368421052632,0.89,,
0.00,0.00,,
0.88,0.88,,
0.6818181818181819,0.68,,
0.6470588235294117,0.65,,
0.9333333333333333,0.93,,
0.7894736842105263,0.79,,
0.8571428571428572,0.86,,
0.7391304347826086,0.74,,
0.8888888888888888,0.89,,
0.8666666666666667,0.87,,
0.92,0.92,,
0.70,0.70,,
0.92,0.92,,
0.8636363636363636,0.86,,
0.7727272727272727,0.77,,
0.80,0.80,,
0.00,0.00,,
0.00,0.00,,
0.7407407407407407,0.74,,
0.60,0.60,,
0.84,0.84,,
0.7727272727272727,0.77,,
0.6363636363636364,0.64,,
0.00,0.00,,
0.8571428571428572,0.86,,
0.72,0.72,,
0.8947368421052632,0.89,,
0.00,0.00,,
0.9333333333333333,0.93,,
0.95,0.95,,
0.96,0.96,,
0.9545454545454546,0.95,,
0.00,0.00,,
0.9473684210526316,0.95,,
0.9285714285714286,0.93,,
0.96,0.96,,
0.8260869565217391,0.83,,
0.00,0.00,,
0.84,0.84,,
0.84,0.84,,
0.00,0.00,,
0.00,0.00,,
0.92,0.92,,
0.9090909090909091,0.91,,
0.9090909090909091,0.91,,
0.00,0.00,,
0.7142857142857143,0.71,,
0.8571428571428572,0.86,,
0.84,0.84,,
0.8947368421052632,0.89,,
0.00,0.00,,
0.00,0.00,,
0.00,0.00,,
0.9285714285714286,0.93,,
0.9333333333333333,0.93,,
0.76,0.76,,
0.9333333333333333,0.93,,
0.00,0.00,,
0.00,0.00,,
0.00,0.00,,
0.00,0.00,,
0.00,0.00,,
0.9285714285714286,0.93,,
0.60,0.60,,
0.8148148148148149,0.81,,
0.8666666666666667,0.87,,
0.5666666666666667,0.57,,
0.60,0.60,,
0.64,0.64,,
0.76,0.76,,
0.76,0.76,,
0.7727272727272727,0.77,,
0.7272727272727273,0.73,,
0.8666666666666667,0.87,,
0.7169811320754718,0.72,,
0.9473684210526316,0.95,,
0.9285714285714286,0.93,,
0.40,0.40,,
0.8148148148148149,0.81,,
0.8695652173913043,0.87,,
0.40,0.40,,
0.72,0.72,,
0.88,0.88,,
0.6818181818181819,0.68,,
0.6818181818181819,0.68,,
0.00,0.00,,
0.6285714285714286,0.63,,
0.00,0.00,,
0.96,0.96,,
0.00,0.00,,
0.00,0.00,,
0.6333333333333333,0.63,,
0.8148148148148149,0.81,,
0.60,0.60,,
0.6333333333333333,0.63,,
0.84,0.84,,
0.92,0.92,,
0.8636363636363636,0.86,,
0.7272727272727273,0.73,,
0.00,0.00,,
0.9473684210526316,0.95,,
0.00,0.00,,
0.7777777777777778,0.78,,
0.6666666666666667,0.67,,
0.92,0.92,,
0.8181818181818181,0.82,,
0.00,0.00,,
0.00,0.00,,
0.88,0.88,,
0.9473684210526316,0.95,,
0.00,0.00,,
0.96,0.96,,
0.00,0.00,,
0.9333333333333333,0.93,,
0.00,0.00,,
0.92,0.92,,
0.9032258064516129,0.90,,
0.00,0.00,,
0.9761904761904762,0.98,,
0.00,0.00,,
0.9545454545454546,0.95,,
0.9545454545454546,0.95,,
0.00,0.00,,
0.9714285714285714,0.97,,
0.00,0.00,,
0.00,0.00,,
0.72,0.72,,
0.9473684210526316,0.95,,
0.9285714285714286,0.93,,
0.96,0.96,,
0.9333333333333333,0.93,,
0.96,0.96,,
0.8709677419354839,0.87,,
0.96,0.96,,
0.9090909090909091,0.91,,
0.9545454545454546,0.95,,
0.9333333333333333,0.93,,
0.00,0.00,,
0.9285714285714286,0.93,,
0.8148148148148149,0.81,,
0.8666666666666667,0.87,,
0.5333333333333333,0.53,,
0.64,0.64,,
0.76,0.76,,
0.76,0.76,,
0.7272727272727273,0.73,,
0.6818181818181819,0.68,,
0.8529411764705882,0.85,,
0.8666666666666667,0.87,,
0.7169811320754718,0.72,,
0.00,0.00,,
0.00,0.00,,
0.9473684210526316,0.95,,
0.9285714285714286,0.93,,
0.96,0.96,,
0.8260869565217391,0.83,,
0.00,0.00,,
0.88,0.88,,
0.96,0.96,,
0.8709677419354839,0.87,,
0.00,0.00,,
0.9545454545454546,0.95,,
0.9090909090909091,0.91,,
0.00,0.00,,
0.9285714285714286,0.93,,
0.80,0.80,,
0.9473684210526316,0.95,,
0.00,0.00,,
0.96,0.96,,
0.9565217391304348,0.96,,
0.00,0.00,,
0.92,0.92,,
0.84,0.84,,
0.94,0.94,,
0.95,0.95,,
0.9047619047619048,0.90,,
0.96,0.96,,
0.9090909090909091,0.91,,
0.9090909090909091,0.91,,
0.9705882352941176,0.97,,
0.00,0.00,,
0.8857142857142857,0.89,,
0.00,0.00,,
0.00,0.00,,
0.88,0.88,,
0.8636363636363636,0.86,,
0.00,0.00,,
0.9473684210526316,0.95,,
0.9285714285714286,0.93,,
0.7777777777777778,0.78,,
0.7272727272727273,0.73,,
0.80,0.80,,
0.6363636363636364,0.64,,
0.9473684210526316,0.95,,
0.00,0.00,,
0.88,0.88,,
0.9333333333333333,0.93,,
0.9473684210526316,0.95,,
0.9285714285714286,0.93,,
0.8518518518518519,0.85,,
0.9565217391304348,0.96,,
0.00,0.00,,
0.84,0.84,,
0.80,0.80,,
0.97,0.97,,
0.95,0.95,,
0.9285714285714286,0.93,,
0.92,0.92,,
0.7272727272727273,0.73,,
0.7272727272727273,0.73,,
0.00,0.00,,
0.80,0.80,,
0.00,0.00,,
0.00,0.00,,
0.8260869565217391,0.83,,
0.96,0.96,,
0.00,0.00,,
0.88,0.88,,
0.94,0.94,,
0.92,0.92,,
0.8636363636363636,0.86,,
0.9090909090909091,0.91,,
0.00,0.00,,
0.8571428571428572,0.86,,
0.84,0.84,,
0.8947368421052632,0.89,,
0.9285714285714286,0.93,,
0.9259259259259259,0.93,,
0.9333333333333333,0.93,,
0.84,0.84,,
0.94,0.94,,
0.7857142857142857,0.79,,
0.00,0.00,,
0.9545454545454546,0.95,,
0.9090909090909091,0.91,,
0.00,0.00,,
0.9473684210526316,0.95,,
0.00,0.00,,
0.8888888888888888,0.89,,
0.9130434782608696,0.91,,
0.00,0.00,,
0.84,0.84,,
0.80,0.80,,
0.8709677419354839,0.87,,
0.90,0.90,,
0.96,0.96,,
0.8636363636363636,0.86,,
0.9090909090909091,0.91,,
0.00,0.00,,
0.9473684210526316,0.95,,
0.00,0.00,,
0.6956521739130435,0.70,,
0.7407407407407407,0.74,,
0.00,0.00,,
0.6363636363636364,0.64,,
0.6363636363636364,0.64,,
0.7333333333333334,0.73,,
0.8947368421052632,0.89,,
0.00,0.00,,
0.96,0.96,,
0.00,0.00,,
0.9285714285714286,0.93,,
0.50,0.50,,
0.50,0.50,,
0.50,0.50,,
0.4666666666666667,0.47,,
0.76,0.76,,
0.3666666666666667,0.37,,
0.88,0.88,,
0.6363636363636364,0.64,,
0.5909090909090908,0.59,,
0.4666666666666667,0.47,,
0.9285714285714286,0.93,,
0.88,0.88,,
0.7727272727272727,0.77,,
0.9473684210526316,0.95,,
0.9285714285714286,0.93,,
0.72,0.72,,
0.9333333333333333,0.93,,
0.72,0.72,,
0.9473684210526316,0.95,,
0.9285714285714286,0.93,,
0.96,0.96,,
0.8260869565217391,0.83,,
0.00,0.00,,
0.84,0.84,,
0.84,0.84,,
0.00,0.00,,
0.00,0.00,,
0.92,0.92,,
0.9090909090909091,0.91,,
0.9090909090909091,0.91,,
0.00,0.00,,
0.7142857142857143,0.71,,
0.9285714285714286,0.93,,
0.8181818181818181,0.82,,
0.88,0.88,,
0.9285714285714286,0.93,,
0.80,0.80,,
0.00,0.00,,
0.00,0.00,,
0.8148148148148149,0.81,,
0.92,0.92,,
0.6363636363636364,0.64,,
0.6818181818181819,0.68,,
0.9333333333333333,0.93,,
0.9285714285714286,0.93,,
0.6818181818181819,0.68,,
0.84,0.84,,
0.6363636363636364,0.64,,
0.00,0.00,,
0.00,0.00,,
0.00,0.00,,
0.00,0.00,,
0.76,0.76,,
0.00,0.00,,
0.96,0.96,,
0.9285714285714286,0.93,,
0.84,0.84,,
0.00,0.00,,
0.00,0.00,,
0.9565217391304348,0.96,,
0.00,0.00,,
0.9333333333333333,0.93,,
0.9032258064516129,0.90,,
0.92,0.92,,
0.9545454545454546,0.95,,
0.9545454545454546,0.95,,
0.9333333333333333,0.93,,
0.00,0.00,,
0.00,0.00,,
0.9333333333333333,0.93,,
0.8387096774193549,0.84,,
0.96,0.96,,
0.9545454545454546,0.95,,
0.9333333333333333,0.93,,
0.9473684210526316,0.95,,
0.00,0.00,,
0.8695652173913043,0.87,,
0.96,0.96,,
0.00,0.00,,
0.00,0.00,,
0.00,0.00,,
0.00,0.00,,
0.8181818181818181,0.82,,
0.8636363636363636,0.86,,
0.00,0.00,,
0.00,0.00,,
0.00,0.00,,
0.00,0.00,,
0.00,0.00,,
0.00,0.00,,
0.96,0.96,,
0.00,0.00,,
0.00,0.00,,
0.00,0.00,,
0.9473684210526316,0.95,,
0.00,0.00,,
0.96,0.96,,
0.9565217391304348,0.96,,
0.00,0.00,,
0.88,0.88,,
0.76,0.76,,
0.97,0.97,,
0.95,0.95,,
0.9047619047619048,0.90,,
0.96,0.96,,
0.9090909090909091,0.91,,
0.9090909090909091,0.91,,
0.9705882352941176,0.97,,
0.00,0.00,,
0.8571428571428572,0.86,,
0.8571428571428572,0.86,,
0.84,0.84,,
0.6451612903225806,0.65,,
0.8571428571428572,0.86,,
0.84,0.84,,
0.80,0.80,,
0.00,0.00,,
0.00,0.00,,
0.00,0.00,,
0.00,0.00,,
0.8518518518518519,0.85,,
0.8666666666666667,0.87,,
0.7419354838709677,0.74,,
0.88,0.88,,
0.8636363636363636,0.86,,
0.7941176470588236,0.79,,
0.9333333333333333,0.93,,
0.9473684210526316,0.95,,
0.00,0.00,,
0.9333333333333333,0.93,,
0.00,0.00,,
0.00,0.00,,
0.9333333333333333,0.93,,
0.9473684210526316,0.95,,
0.00,0.00,,
0.8148148148148149,0.81,,
0.8695652173913043,0.87,,
0.8666666666666667,0.87,,
0.80,0.80,,
0.84,0.84,,
0.7741935483870968,0.77,,
0.84,0.84,,
0.8636363636363636,0.86,,
0.8181818181818181,0.82,,
0.8235294117647058,0.82,,
0.8666666666666667,0.87,,
0.9473684210526316,0.95,,
0.00,0.00,,
0.60,0.60,,
0.84,0.84,,
0.6764705882352942,0.68,,
0.9333333333333333,0.93,,
0.00,0.00,,
0.9285714285714286,0.93,,
0.9259259259259259,0.93,,
0.00,0.00,,
0.8636363636363636,0.86,,
0.8636363636363636,0.86,,
0.00,0.00,,
0.5333333333333333,0.53,,
0.5333333333333333,0.53,,
0.76,0.76,,
0.40,0.40,,
0.9285714285714286,0.93,,
0.72,0.72,,
0.5740740740740741,0.57,,
0.86,0.86,,
0.86,0.86,,
0.86,0.86,,
0.4714285714285714,0.47,,
0.86,0.86,,
0.86,0.86,,
0.86,0.86,,
0.33333333333333337,0.33,,
0.33333333333333337,0.33,,
0.30000000000000004,0.30,,
0.5333333333333333,0.53,,
0.5333333333333333,0.53,,
0.5666666666666667,0.57,,
0.00,0.00,,
0.33333333333333337,0.33,,
0.7407407407407407,0.74,,
0.30000000000000004,0.30,,
0.33333333333333337,0.33,,
0.3666666666666667,0.37,,
0.72,0.72,,
0.33333333333333337,0.33,,
0.5909090909090908,0.59,,
0.3666666666666667,0.37,,
0.3666666666666667,0.37,,
0.3666666666666667,0.37,,
0.33333333333333337,0.33,,
0.5333333333333333,0.53,,
0.5333333333333333,0.53,,
0.5666666666666667,0.57,,
0.3666666666666667,0.37,,
0.3666666666666667,0.37,,
0.30000000000000004,0.30,,
0.43333333333333335,0.43,,
0.43333333333333335,0.43,,
0.43333333333333335,0.43,,
0.50,0.50,,
0.43333333333333335,0.43,,
0.50,0.50,,
0.4666666666666667,0.47,,
0.4666666666666667,0.47,,
0.3666666666666667,0.37,,
0.00,0.00,,
0.3666666666666667,0.37,,
0.33333333333333337,0.33,,
0.4666666666666667,0.47,,
0.4666666666666667,0.47,,
0.3666666666666667,0.37,,
0.4666666666666667,0.47,,
0.4666666666666667,0.47,,
0.3666666666666667,0.37,,
0.9285714285714286,0.93,,
0.6666666666666667,0.67,,
0.33333333333333337,0.33,,
0.33333333333333337,0.33,,
0.33333333333333337,0.33,,
0.35,0.35,,
0.4545454545454546,0.45,,
0.8666666666666667,0.87,,
0.43333333333333335,0.43,,
0.43333333333333335,0.43,,
0.4666666666666667,0.47,,
0.4666666666666667,0.47,,
0.43333333333333335,0.43,,
0.43333333333333335,0.43,,
0.43333333333333335,0.43,,
0.33333333333333337,0.33,,
0.3666666666666667,0.37,,
0.00,0.00,,
0.3666666666666667,0.37,,
0.33333333333333337,0.33,,
0.40,0.40,,
0.40,0.40,,
0.33333333333333337,0.33,,
0.33333333333333337,0.33,,
0.33333333333333337,0.33,,
0.43333333333333335,0.43,,
0.6666666666666667,0.67,,
0.33333333333333337,0.33,,
0.52,0.52,,
0.2666666666666667,0.27,,
0.5454545454545454,0.55,,
0.5909090909090908,0.59,,
0.33333333333333337,0.33,,
0.50,0.50,,
0.9285714285714286,0.93,,
0.00,0.00,,
0.9285714285714286,0.93,,
0.7142857142857143,0.71,,
0.6666666666666667,0.67,,
0.5217391304347826,0.52,,
0.56,0.56,,
0.5909090909090908,0.59,,
0.5909090909090908,0.59,,
0.8571428571428572,0.86,,
0.8666666666666667,0.87,,
0.00,0.00,,
0.8571428571428572,0.86,,
0.00,0.00,,
0.00,0.00,,
0.8666666666666667,0.87,,
0.9333333333333333,0.93,,
0.00,0.00,,
0.9285714285714286,0.93,,
0.7777777777777778,0.78,,
0.9285714285714286,0.93,,
0.9285714285714286,0.93,,
0.9285714285714286,0.93,,
0.9285714285714286,0.93,,
0.8181818181818181,0.82,,
0.00,0.00,,
0.00,0.00,,
0.00,0.00,,
0.9285714285714286,0.93,,
0.00,0.00,,
0.00,0.00,,
0.9285714285714286,0.93,,
0.00,0.00,,
0.7272727272727273,0.73,,
0.00,0.00,,
0.00,0.00,,
0.00,0.00,,
0.00,0.00,,
0.9285714285714286,0.93,,
0.43333333333333335,0.43,,
0.00,0.00,,
0.00,0.00,,
0.9285714285714286,0.93,,
0.00,0.00,,
0.9285714285714286,0.93,,
0.7777777777777778,0.78,,
0.00,0.00,,
0.00,0.00,,
0.8148148148148149,0.81,,
0.6363636363636364,0.64,,
0.00,0.00,,
0.7142857142857143,0.71,,
0.5454545454545454,0.55,,
0.5217391304347826,0.52,,
0.56,0.56,,
0.00,0.00,,
0.00,0.00,,
0.00,0.00,,
0.00,0.00,,
0.00,0.00,,
0.65,0.65,,
0.9285714285714286,0.93,,
0.6818181818181819,0.68,,
0.8571428571428572,0.86,,
0.9285714285714286,0.93,,
0.9473684210526316,0.95,,
0.9285714285714286,0.93,,
0.8888888888888888,0.89,,
0.7272727272727273,0.73,,
0.9333333333333333,0.93,,
0.7142857142857143,0.71,,
0.5454545454545454,0.55,,
0.5217391304347826,0.52,,
0.56,0.56,,
0.00,0.00,,
0.5925925925925926,0.59,,
0.9285714285714286,0.93,,
0.00,0.00,,
0.8571428571428572,0.86,,
0.9285714285714286,0.93,,
0.43333333333333335,0.43,,
0.00,0.00,,
0.00,0.00,,
0.00,0.00,,
0.9285714285714286,0.93,,
0.9473684210526316,0.95,,
0.9285714285714286,0.93,,
0.00,0.00,,
0.9473684210526316,0.95,,
0.9285714285714286,0.93,,
0.00,0.00,,
0.43333333333333335,0.43,,
0.7037037037037037,0.70,,
0.56,0.56,,
0.3666666666666667,0.37,,
0.5909090909090908,0.59,,
0.5909090909090908,0.59,,
0.73,0.73,,
0.7486910994764397,0.75,,
0.6518324607329843,0.65,,
0.7366771159874608,0.74,,
0.8267716535433071,0.83,,
0.8283464566929134,0.83,,
0.8267716535433071,0.83,,
0.8251968503937008,0.83,,
0.52,0.52,,
0.5454545454545454,0.55,,
0.56,0.56,,
0.5909090909090908,0.59,,
0.5909090909090908,0.59,,
0.56,0.56,,
0.52,0.52,,
0.7727272727272727,0.77,,
